parameter,parameter_name,session,subject_id,age,param_value,age_group
b1,Reward Sensitivity,1,83,10.0,16.01,10-15
b1,Reward Sensitivity,1,159,16.0,4.808,15-20
b1,Reward Sensitivity,1,6138,15.0,11.87,10-15
b1,Reward Sensitivity,1,4172,10.0,4.32,10-15
b1,Reward Sensitivity,1,3798,16.0,17.28,15-20
b1,Reward Sensitivity,1,5278,12.0,9.947,10-15
b1,Reward Sensitivity,1,5820,24.0,20.58,20-25
b1,Reward Sensitivity,1,4348,11.0,14.58,10-15
b1,Reward Sensitivity,1,197,10.0,6.259,10-15
b1,Reward Sensitivity,1,3596,25.0,4.928,20-25
b1,Reward Sensitivity,1,1780,19.0,17.13,15-20
b1,Reward Sensitivity,1,583,20.0,16.09,15-20
b1,Reward Sensitivity,1,5673,10.0,8.626,10-15
b1,Reward Sensitivity,1,6215,22.0,6.283,20-25
b1,Reward Sensitivity,1,404,23.0,13.63,20-25
b1,Reward Sensitivity,1,7308,10.0,7.779,10-15
b1,Reward Sensitivity,1,2039,21.0,17.85,20-25
b1,Reward Sensitivity,1,2085,11.0,10.04,10-15
b1,Reward Sensitivity,1,5720,15.0,11.46,10-15
b1,Reward Sensitivity,1,7534,23.0,23.57,20-25
b1,Reward Sensitivity,1,321,16.0,5.749,15-20
b1,Reward Sensitivity,1,4824,20.0,-2.627,15-20
b1,Reward Sensitivity,1,4673,22.0,14.04,20-25
b1,Reward Sensitivity,1,5359,25.0,10.72,20-25
b1,Reward Sensitivity,1,3457,20.0,19.45,15-20
b1,Reward Sensitivity,1,2559,12.0,19.01,10-15
b1,Reward Sensitivity,1,223,26.0,20.55,20-25
b1,Reward Sensitivity,1,2791,22.0,7.875,20-25
b1,Reward Sensitivity,1,1571,23.0,6.617,20-25
b1,Reward Sensitivity,1,5496,10.0,3.868,10-15
b1,Reward Sensitivity,1,17,21.0,23.29,20-25
b1,Reward Sensitivity,1,6521,11.0,4.828,10-15
b1,Reward Sensitivity,1,45,13.0,4.103,10-15
b1,Reward Sensitivity,1,78,12.0,7.213,10-15
b1,Reward Sensitivity,1,5247,17.0,5.384,15-20
b1,Reward Sensitivity,1,5732,14.0,15.52,10-15
b1,Reward Sensitivity,1,7314,14.0,5.889,10-15
b1,Reward Sensitivity,1,285,23.0,27.12,20-25
b1,Reward Sensitivity,1,2402,13.0,25.32,10-15
b1,Reward Sensitivity,1,4729,16.0,3.271,15-20
b1,Reward Sensitivity,1,4727,16.0,3.679,15-20
b1,Reward Sensitivity,1,138,23.0,8.954,20-25
b1,Reward Sensitivity,1,26,25.0,14.62,20-25
b1,Reward Sensitivity,1,3268,25.0,5.069,20-25
b1,Reward Sensitivity,1,4582,11.0,13.59,10-15
b1,Reward Sensitivity,1,461,15.0,9.901,10-15
b1,Reward Sensitivity,1,2715,15.0,10.41,10-15
b1,Reward Sensitivity,1,174,23.0,11.93,20-25
b1,Reward Sensitivity,1,4661,23.0,8.238,20-25
b1,Reward Sensitivity,1,429,16.0,8.52,15-20
b1,Reward Sensitivity,1,5855,12.0,1.892,10-15
b1,Reward Sensitivity,1,4314,21.0,6.4,20-25
b1,Reward Sensitivity,1,5893,21.0,12.81,20-25
b1,Reward Sensitivity,1,4533,23.0,11.41,20-25
b1,Reward Sensitivity,1,293,20.0,6.998,15-20
b1,Reward Sensitivity,1,6631,12.0,3.212,10-15
b1,Reward Sensitivity,1,3790,16.0,9.351,15-20
b1,Reward Sensitivity,1,5267,10.0,11.2,10-15
b1,Reward Sensitivity,1,626,14.0,8.493,10-15
b1,Reward Sensitivity,1,3991,22.0,7.116,20-25
b1,Reward Sensitivity,1,3534,26.0,14.88,20-25
b1,Reward Sensitivity,1,3330,25.0,13.65,20-25
b1,Reward Sensitivity,1,5314,21.0,9.285,20-25
b1,Reward Sensitivity,1,302,13.0,9.694,10-15
b1,Reward Sensitivity,1,4947,13.0,7.931,10-15
b1,Reward Sensitivity,1,210,11.0,12.19,10-15
b1,Reward Sensitivity,1,228,14.0,7.551,10-15
b1,Reward Sensitivity,1,3456,14.0,5.213,10-15
b1,Reward Sensitivity,1,4200,14.0,15.39,10-15
b1,Reward Sensitivity,1,240,13.0,8.547,10-15
b1,Reward Sensitivity,1,6416,17.0,19.79,15-20
b1,Reward Sensitivity,1,7612,12.0,4.736,10-15
b1,Reward Sensitivity,1,1456,14.0,3.787,10-15
b1,Reward Sensitivity,1,33,11.0,6.711,10-15
b1,Reward Sensitivity,1,4004,17.0,0.484,15-20
b1,Reward Sensitivity,1,592,11.0,6.732,10-15
b1,Reward Sensitivity,1,7547,13.0,5.056,10-15
b1,Reward Sensitivity,1,6072,12.0,8.457,10-15
b1,Reward Sensitivity,1,266,16.0,6.22,15-20
b1,Reward Sensitivity,1,1981,13.0,4.399,10-15
b1,Reward Sensitivity,1,218,11.0,16.42,10-15
b1,Reward Sensitivity,1,5963,11.0,3.953,10-15
b1,Reward Sensitivity,1,3632,21.0,18.27,20-25
b1,Reward Sensitivity,1,1843,14.0,17.07,10-15
b1,Reward Sensitivity,1,587,15.0,24.02,10-15
b1,Reward Sensitivity,1,3054,25.0,26.7,20-25
b1,Reward Sensitivity,1,75,17.0,17.07,15-20
b1,Reward Sensitivity,1,105,12.0,3.68,10-15
b1,Reward Sensitivity,1,5332,14.0,18.61,10-15
b1,Reward Sensitivity,1,63,10.0,11.21,10-15
b1,Reward Sensitivity,1,4173,13.0,10.26,10-15
b1,Reward Sensitivity,1,5286,12.0,3.721,10-15
b1,Reward Sensitivity,1,504,18.0,16.18,15-20
b1,Reward Sensitivity,1,5055,21.0,7.309,20-25
b1,Reward Sensitivity,1,2430,18.0,14.38,15-20
b1,Reward Sensitivity,1,3535,21.0,11.54,20-25
b1,Reward Sensitivity,1,3386,22.0,7.554,20-25
b1,Reward Sensitivity,1,4459,19.0,18.53,15-20
b1,Reward Sensitivity,1,5136,12.0,7.615,10-15
b1,Reward Sensitivity,1,390,14.0,16.59,10-15
b1,Reward Sensitivity,1,709,22.0,10.46,20-25
b1,Reward Sensitivity,1,506,15.0,5.597,10-15
b1,Reward Sensitivity,1,4924,16.0,10.54,15-20
b1,Reward Sensitivity,1,4439,11.0,11.45,10-15
b1,Reward Sensitivity,1,2915,15.0,17.37,10-15
b1,Reward Sensitivity,1,115,15.0,0.6241,10-15
b1,Reward Sensitivity,1,3206,18.0,0.9064,15-20
b1,Reward Sensitivity,1,3193,13.0,4.723,10-15
b1,Reward Sensitivity,1,452,18.0,12.91,15-20
b1,Reward Sensitivity,1,2040,21.0,13.0,20-25
b1,Reward Sensitivity,1,6,20.0,8.103,15-20
b1,Reward Sensitivity,1,4486,18.0,21.32,15-20
b1,Reward Sensitivity,1,1,19.0,5.059,15-20
b1,Reward Sensitivity,1,360,18.0,22.7,15-20
b1,Reward Sensitivity,1,478,18.0,10.77,15-20
b1,Reward Sensitivity,1,198,18.0,23.36,15-20
b1,Reward Sensitivity,1,217,18.0,11.29,15-20
b1,Reward Sensitivity,1,4934,11.0,12.65,10-15
b1,Reward Sensitivity,1,303,10.0,4.829,10-15
b1,Reward Sensitivity,1,2761,19.0,18.23,15-20
b1,Reward Sensitivity,1,410,10.0,6.149,10-15
b1,Reward Sensitivity,1,3349,22.0,13.77,20-25
b1,Reward Sensitivity,1,200,22.0,10.92,20-25
b1,Reward Sensitivity,1,44,24.0,16.56,20-25
b1,Reward Sensitivity,1,5152,11.0,7.797,10-15
b1,Reward Sensitivity,1,5525,18.0,4.924,15-20
b1,Reward Sensitivity,1,551,15.0,14.74,10-15
b1,Reward Sensitivity,1,41,17.0,21.81,15-20
b1,Reward Sensitivity,1,3547,25.0,14.75,20-25
b1,Reward Sensitivity,1,76,23.0,7.884,20-25
b1,Reward Sensitivity,1,2068,24.0,0.3408,20-25
b1,Reward Sensitivity,1,4868,21.0,-2.134,20-25
b1,Reward Sensitivity,1,381,20.0,13.52,15-20
b1,Reward Sensitivity,1,5231,22.0,5.793,20-25
b1,Reward Sensitivity,1,758,18.0,11.04,15-20
b1,Reward Sensitivity,1,6380,24.0,17.39,20-25
b1,Reward Sensitivity,1,6125,22.0,21.11,20-25
b1,Reward Sensitivity,1,3978,19.0,11.02,15-20
b1,Reward Sensitivity,1,209,14.0,10.99,10-15
b1,Reward Sensitivity,1,270,17.0,14.05,15-20
b1,Reward Sensitivity,1,5464,19.0,7.097,15-20
b1,Reward Sensitivity,1,5998,20.0,13.07,15-20
b1,Reward Sensitivity,1,2599,19.0,13.65,15-20
b1,Reward Sensitivity,1,304,21.0,5.211,20-25
b1,Reward Sensitivity,1,406,18.0,15.92,15-20
b1,Reward Sensitivity,1,4771,17.0,3.98,15-20
b1,Reward Sensitivity,1,3880,19.0,4.796,15-20
b1,Reward Sensitivity,1,595,24.0,14.69,20-25
b1,Reward Sensitivity,1,5139,22.0,16.98,20-25
b1,Reward Sensitivity,1,578,25.0,11.05,20-25
b1,Reward Sensitivity,1,6696,15.0,14.85,10-15
b1,Reward Sensitivity,1,5323,19.0,10.17,15-20
b1,Reward Sensitivity,1,373,10.0,0.3863,10-15
b1,Reward Sensitivity,1,152,10.0,7.631,10-15
b1,Reward Sensitivity,1,5534,12.0,6.156,10-15
b1,Reward Sensitivity,2,83,10.0,21.28,10-15
b1,Reward Sensitivity,2,159,16.0,3.247,15-20
b1,Reward Sensitivity,2,6138,15.0,13.4,10-15
b1,Reward Sensitivity,2,4172,10.0,8.313,10-15
b1,Reward Sensitivity,2,3798,16.0,6.161,15-20
b1,Reward Sensitivity,2,5278,12.0,10.43,10-15
b1,Reward Sensitivity,2,5820,24.0,19.02,20-25
b1,Reward Sensitivity,2,4348,11.0,19.62,10-15
b1,Reward Sensitivity,2,197,10.0,11.47,10-15
b1,Reward Sensitivity,2,3596,25.0,2.438,20-25
b1,Reward Sensitivity,2,1780,19.0,12.51,15-20
b1,Reward Sensitivity,2,583,20.0,17.46,15-20
b1,Reward Sensitivity,2,5673,10.0,8.346,10-15
b1,Reward Sensitivity,2,6215,22.0,4.838,20-25
b1,Reward Sensitivity,2,404,23.0,18.24,20-25
b1,Reward Sensitivity,2,7308,10.0,9.933,10-15
b1,Reward Sensitivity,2,2039,21.0,8.827,20-25
b1,Reward Sensitivity,2,2085,11.0,9.293,10-15
b1,Reward Sensitivity,2,5720,15.0,8.239,10-15
b1,Reward Sensitivity,2,7534,23.0,27.49,20-25
b1,Reward Sensitivity,2,321,16.0,4.155,15-20
b1,Reward Sensitivity,2,4824,20.0,0.01665,15-20
b1,Reward Sensitivity,2,4673,22.0,15.62,20-25
b1,Reward Sensitivity,2,5359,25.0,3.444,20-25
b1,Reward Sensitivity,2,3457,20.0,23.92,15-20
b1,Reward Sensitivity,2,2559,12.0,21.23,10-15
b1,Reward Sensitivity,2,223,26.0,21.9,20-25
b1,Reward Sensitivity,2,2791,22.0,6.749,20-25
b1,Reward Sensitivity,2,1571,23.0,7.543,20-25
b1,Reward Sensitivity,2,5496,10.0,7.684,10-15
b1,Reward Sensitivity,2,17,21.0,24.88,20-25
b1,Reward Sensitivity,2,6521,11.0,0.4415,10-15
b1,Reward Sensitivity,2,45,13.0,3.614,10-15
b1,Reward Sensitivity,2,78,12.0,6.554,10-15
b1,Reward Sensitivity,2,5247,17.0,5.279,15-20
b1,Reward Sensitivity,2,5732,14.0,20.46,10-15
b1,Reward Sensitivity,2,7314,14.0,3.853,10-15
b1,Reward Sensitivity,2,285,23.0,26.85,20-25
b1,Reward Sensitivity,2,2402,13.0,25.05,10-15
b1,Reward Sensitivity,2,4729,16.0,1.94,15-20
b1,Reward Sensitivity,2,4727,16.0,2.838,15-20
b1,Reward Sensitivity,2,138,23.0,10.17,20-25
b1,Reward Sensitivity,2,26,25.0,16.53,20-25
b1,Reward Sensitivity,2,3268,25.0,5.087,20-25
b1,Reward Sensitivity,2,4582,11.0,8.113,10-15
b1,Reward Sensitivity,2,461,15.0,8.85,10-15
b1,Reward Sensitivity,2,2715,15.0,10.28,10-15
b1,Reward Sensitivity,2,174,23.0,15.12,20-25
b1,Reward Sensitivity,2,4661,23.0,7.31,20-25
b1,Reward Sensitivity,2,429,16.0,5.3,15-20
b1,Reward Sensitivity,2,5855,12.0,5.64,10-15
b1,Reward Sensitivity,2,4314,21.0,2.453,20-25
b1,Reward Sensitivity,2,5893,21.0,10.01,20-25
b1,Reward Sensitivity,2,4533,23.0,13.24,20-25
b1,Reward Sensitivity,2,293,20.0,7.619,15-20
b1,Reward Sensitivity,2,6631,12.0,4.804,10-15
b1,Reward Sensitivity,2,3790,16.0,9.51,15-20
b1,Reward Sensitivity,2,5267,10.0,12.41,10-15
b1,Reward Sensitivity,2,626,14.0,3.289,10-15
b1,Reward Sensitivity,2,3991,22.0,7.889,20-25
b1,Reward Sensitivity,2,3534,26.0,5.669,20-25
b1,Reward Sensitivity,2,3330,25.0,15.1,20-25
b1,Reward Sensitivity,2,5314,21.0,5.603,20-25
b1,Reward Sensitivity,2,302,13.0,8.375,10-15
b1,Reward Sensitivity,2,4947,13.0,6.676,10-15
b1,Reward Sensitivity,2,210,11.0,18.62,10-15
b1,Reward Sensitivity,2,228,14.0,8.458,10-15
b1,Reward Sensitivity,2,3456,14.0,6.605,10-15
b1,Reward Sensitivity,2,4200,14.0,17.9,10-15
b1,Reward Sensitivity,2,240,13.0,8.474,10-15
b1,Reward Sensitivity,2,6416,17.0,18.17,15-20
b1,Reward Sensitivity,2,7612,12.0,3.005,10-15
b1,Reward Sensitivity,2,1456,14.0,3.306,10-15
b1,Reward Sensitivity,2,33,11.0,3.961,10-15
b1,Reward Sensitivity,2,4004,17.0,2.621,15-20
b1,Reward Sensitivity,2,592,11.0,4.102,10-15
b1,Reward Sensitivity,2,7547,13.0,2.754,10-15
b1,Reward Sensitivity,2,6072,12.0,9.59,10-15
b1,Reward Sensitivity,2,266,16.0,5.599,15-20
b1,Reward Sensitivity,2,1981,13.0,12.11,10-15
b1,Reward Sensitivity,2,218,11.0,11.9,10-15
b1,Reward Sensitivity,2,5963,11.0,8.935,10-15
b1,Reward Sensitivity,2,3632,21.0,18.83,20-25
b1,Reward Sensitivity,2,1843,14.0,18.14,10-15
b1,Reward Sensitivity,2,587,15.0,17.82,10-15
b1,Reward Sensitivity,2,3054,25.0,25.09,20-25
b1,Reward Sensitivity,2,75,17.0,18.89,15-20
b1,Reward Sensitivity,2,105,12.0,-0.7369,10-15
b1,Reward Sensitivity,2,5332,14.0,8.218,10-15
b1,Reward Sensitivity,2,63,10.0,13.86,10-15
b1,Reward Sensitivity,2,4173,13.0,3.892,10-15
b1,Reward Sensitivity,2,5286,12.0,-2.695,10-15
b1,Reward Sensitivity,2,504,18.0,16.09,15-20
b1,Reward Sensitivity,2,5055,21.0,13.03,20-25
b1,Reward Sensitivity,2,2430,18.0,13.43,15-20
b1,Reward Sensitivity,2,3535,21.0,12.8,20-25
b1,Reward Sensitivity,2,3386,22.0,10.47,20-25
b1,Reward Sensitivity,2,4459,19.0,21.53,15-20
b1,Reward Sensitivity,2,5136,12.0,5.483,10-15
b1,Reward Sensitivity,2,390,14.0,9.108,10-15
b1,Reward Sensitivity,2,709,22.0,11.29,20-25
b1,Reward Sensitivity,2,506,15.0,6.201,10-15
b1,Reward Sensitivity,2,4924,16.0,2.921,15-20
b1,Reward Sensitivity,2,4439,11.0,3.292,10-15
b1,Reward Sensitivity,2,2915,15.0,18.8,10-15
b1,Reward Sensitivity,2,115,15.0,0.0007299,10-15
b1,Reward Sensitivity,2,3206,18.0,-3.254,15-20
b1,Reward Sensitivity,2,3193,13.0,4.04,10-15
b1,Reward Sensitivity,2,452,18.0,14.12,15-20
b1,Reward Sensitivity,2,2040,21.0,12.54,20-25
b1,Reward Sensitivity,2,6,20.0,6.016,15-20
b1,Reward Sensitivity,2,4486,18.0,18.28,15-20
b1,Reward Sensitivity,2,1,19.0,9.549,15-20
b1,Reward Sensitivity,2,360,18.0,22.65,15-20
b1,Reward Sensitivity,2,478,18.0,7.973,15-20
b1,Reward Sensitivity,2,198,18.0,26.4,15-20
b1,Reward Sensitivity,2,217,18.0,13.27,15-20
b1,Reward Sensitivity,2,4934,11.0,9.575,10-15
b1,Reward Sensitivity,2,303,10.0,5.147,10-15
b1,Reward Sensitivity,2,2761,19.0,11.17,15-20
b1,Reward Sensitivity,2,410,10.0,5.246,10-15
b1,Reward Sensitivity,2,3349,22.0,8.932,20-25
b1,Reward Sensitivity,2,200,22.0,8.602,20-25
b1,Reward Sensitivity,2,44,24.0,16.61,20-25
b1,Reward Sensitivity,2,5152,11.0,5.952,10-15
b1,Reward Sensitivity,2,5525,18.0,8.551,15-20
b1,Reward Sensitivity,2,551,15.0,16.18,10-15
b1,Reward Sensitivity,2,41,17.0,19.17,15-20
b1,Reward Sensitivity,2,3547,25.0,19.15,20-25
b1,Reward Sensitivity,2,76,23.0,18.1,20-25
b1,Reward Sensitivity,2,2068,24.0,0.2052,20-25
b1,Reward Sensitivity,2,4868,21.0,0.9226,20-25
b1,Reward Sensitivity,2,381,20.0,19.61,15-20
b1,Reward Sensitivity,2,5231,22.0,7.249,20-25
b1,Reward Sensitivity,2,758,18.0,21.11,15-20
b1,Reward Sensitivity,2,6380,24.0,14.45,20-25
b1,Reward Sensitivity,2,6125,22.0,23.35,20-25
b1,Reward Sensitivity,2,3978,19.0,14.74,15-20
b1,Reward Sensitivity,2,209,14.0,16.02,10-15
b1,Reward Sensitivity,2,270,17.0,12.82,15-20
b1,Reward Sensitivity,2,5464,19.0,9.659,15-20
b1,Reward Sensitivity,2,5998,20.0,17.45,15-20
b1,Reward Sensitivity,2,2599,19.0,11.91,15-20
b1,Reward Sensitivity,2,304,21.0,8.812,20-25
b1,Reward Sensitivity,2,406,18.0,17.1,15-20
b1,Reward Sensitivity,2,4771,17.0,4.402,15-20
b1,Reward Sensitivity,2,3880,19.0,9.474,15-20
b1,Reward Sensitivity,2,595,24.0,17.38,20-25
b1,Reward Sensitivity,2,5139,22.0,12.38,20-25
b1,Reward Sensitivity,2,578,25.0,22.05,20-25
b1,Reward Sensitivity,2,6696,15.0,15.42,10-15
b1,Reward Sensitivity,2,5323,19.0,9.949,15-20
b1,Reward Sensitivity,2,373,10.0,1.951,10-15
b1,Reward Sensitivity,2,152,10.0,7.079,10-15
b1,Reward Sensitivity,2,5534,12.0,4.792,10-15
b2,Punishment Sensitivity,1,83,10.0,24.66,10-15
b2,Punishment Sensitivity,1,159,16.0,6.416,15-20
b2,Punishment Sensitivity,1,6138,15.0,18.73,10-15
b2,Punishment Sensitivity,1,4172,10.0,7.387,10-15
b2,Punishment Sensitivity,1,3798,16.0,24.49,15-20
b2,Punishment Sensitivity,1,5278,12.0,13.57,10-15
b2,Punishment Sensitivity,1,5820,24.0,22.22,20-25
b2,Punishment Sensitivity,1,4348,11.0,8.155,10-15
b2,Punishment Sensitivity,1,197,10.0,14.12,10-15
b2,Punishment Sensitivity,1,3596,25.0,13.06,20-25
b2,Punishment Sensitivity,1,1780,19.0,14.56,15-20
b2,Punishment Sensitivity,1,583,20.0,25.23,15-20
b2,Punishment Sensitivity,1,5673,10.0,5.783,10-15
b2,Punishment Sensitivity,1,6215,22.0,7.314,20-25
b2,Punishment Sensitivity,1,404,23.0,12.7,20-25
b2,Punishment Sensitivity,1,7308,10.0,8.223,10-15
b2,Punishment Sensitivity,1,2039,21.0,18.29,20-25
b2,Punishment Sensitivity,1,2085,11.0,9.337,10-15
b2,Punishment Sensitivity,1,5720,15.0,12.35,10-15
b2,Punishment Sensitivity,1,7534,23.0,21.36,20-25
b2,Punishment Sensitivity,1,321,16.0,13.99,15-20
b2,Punishment Sensitivity,1,4824,20.0,1.967,15-20
b2,Punishment Sensitivity,1,4673,22.0,13.81,20-25
b2,Punishment Sensitivity,1,5359,25.0,23.76,20-25
b2,Punishment Sensitivity,1,3457,20.0,14.99,15-20
b2,Punishment Sensitivity,1,2559,12.0,22.62,10-15
b2,Punishment Sensitivity,1,223,26.0,13.79,20-25
b2,Punishment Sensitivity,1,2791,22.0,13.96,20-25
b2,Punishment Sensitivity,1,1571,23.0,10.52,20-25
b2,Punishment Sensitivity,1,5496,10.0,13.19,10-15
b2,Punishment Sensitivity,1,17,21.0,24.22,20-25
b2,Punishment Sensitivity,1,6521,11.0,8.983,10-15
b2,Punishment Sensitivity,1,45,13.0,7.104,10-15
b2,Punishment Sensitivity,1,78,12.0,6.325,10-15
b2,Punishment Sensitivity,1,5247,17.0,12.33,15-20
b2,Punishment Sensitivity,1,5732,14.0,17.5,10-15
b2,Punishment Sensitivity,1,7314,14.0,12.18,10-15
b2,Punishment Sensitivity,1,285,23.0,29.36,20-25
b2,Punishment Sensitivity,1,2402,13.0,23.88,10-15
b2,Punishment Sensitivity,1,4729,16.0,8.564,15-20
b2,Punishment Sensitivity,1,4727,16.0,5.59,15-20
b2,Punishment Sensitivity,1,138,23.0,10.16,20-25
b2,Punishment Sensitivity,1,26,25.0,16.19,20-25
b2,Punishment Sensitivity,1,3268,25.0,8.698,20-25
b2,Punishment Sensitivity,1,4582,11.0,19.45,10-15
b2,Punishment Sensitivity,1,461,15.0,14.23,10-15
b2,Punishment Sensitivity,1,2715,15.0,18.39,10-15
b2,Punishment Sensitivity,1,174,23.0,11.86,20-25
b2,Punishment Sensitivity,1,4661,23.0,8.468,20-25
b2,Punishment Sensitivity,1,429,16.0,10.3,15-20
b2,Punishment Sensitivity,1,5855,12.0,7.392,10-15
b2,Punishment Sensitivity,1,4314,21.0,8.826,20-25
b2,Punishment Sensitivity,1,5893,21.0,19.3,20-25
b2,Punishment Sensitivity,1,4533,23.0,23.43,20-25
b2,Punishment Sensitivity,1,293,20.0,5.06,15-20
b2,Punishment Sensitivity,1,6631,12.0,7.532,10-15
b2,Punishment Sensitivity,1,3790,16.0,12.49,15-20
b2,Punishment Sensitivity,1,5267,10.0,14.7,10-15
b2,Punishment Sensitivity,1,626,14.0,14.02,10-15
b2,Punishment Sensitivity,1,3991,22.0,21.03,20-25
b2,Punishment Sensitivity,1,3534,26.0,17.28,20-25
b2,Punishment Sensitivity,1,3330,25.0,16.37,20-25
b2,Punishment Sensitivity,1,5314,21.0,10.82,20-25
b2,Punishment Sensitivity,1,302,13.0,6.211,10-15
b2,Punishment Sensitivity,1,4947,13.0,9.155,10-15
b2,Punishment Sensitivity,1,210,11.0,14.39,10-15
b2,Punishment Sensitivity,1,228,14.0,9.284,10-15
b2,Punishment Sensitivity,1,3456,14.0,10.4,10-15
b2,Punishment Sensitivity,1,4200,14.0,30.54,10-15
b2,Punishment Sensitivity,1,240,13.0,14.78,10-15
b2,Punishment Sensitivity,1,6416,17.0,18.28,15-20
b2,Punishment Sensitivity,1,7612,12.0,6.909,10-15
b2,Punishment Sensitivity,1,1456,14.0,4.026,10-15
b2,Punishment Sensitivity,1,33,11.0,9.402,10-15
b2,Punishment Sensitivity,1,4004,17.0,4.553,15-20
b2,Punishment Sensitivity,1,592,11.0,6.481,10-15
b2,Punishment Sensitivity,1,7547,13.0,8.188,10-15
b2,Punishment Sensitivity,1,6072,12.0,7.08,10-15
b2,Punishment Sensitivity,1,266,16.0,6.904,15-20
b2,Punishment Sensitivity,1,1981,13.0,12.82,10-15
b2,Punishment Sensitivity,1,218,11.0,17.62,10-15
b2,Punishment Sensitivity,1,5963,11.0,6.908,10-15
b2,Punishment Sensitivity,1,3632,21.0,17.99,20-25
b2,Punishment Sensitivity,1,1843,14.0,12.79,10-15
b2,Punishment Sensitivity,1,587,15.0,19.1,10-15
b2,Punishment Sensitivity,1,3054,25.0,23.97,20-25
b2,Punishment Sensitivity,1,75,17.0,20.41,15-20
b2,Punishment Sensitivity,1,105,12.0,9.951,10-15
b2,Punishment Sensitivity,1,5332,14.0,15.89,10-15
b2,Punishment Sensitivity,1,63,10.0,10.58,10-15
b2,Punishment Sensitivity,1,4173,13.0,10.54,10-15
b2,Punishment Sensitivity,1,5286,12.0,7.808,10-15
b2,Punishment Sensitivity,1,504,18.0,13.12,15-20
b2,Punishment Sensitivity,1,5055,21.0,10.55,20-25
b2,Punishment Sensitivity,1,2430,18.0,17.77,15-20
b2,Punishment Sensitivity,1,3535,21.0,13.06,20-25
b2,Punishment Sensitivity,1,3386,22.0,8.838,20-25
b2,Punishment Sensitivity,1,4459,19.0,10.37,15-20
b2,Punishment Sensitivity,1,5136,12.0,10.36,10-15
b2,Punishment Sensitivity,1,390,14.0,15.85,10-15
b2,Punishment Sensitivity,1,709,22.0,13.48,20-25
b2,Punishment Sensitivity,1,506,15.0,7.444,10-15
b2,Punishment Sensitivity,1,4924,16.0,14.53,15-20
b2,Punishment Sensitivity,1,4439,11.0,11.95,10-15
b2,Punishment Sensitivity,1,2915,15.0,16.61,10-15
b2,Punishment Sensitivity,1,115,15.0,4.371,10-15
b2,Punishment Sensitivity,1,3206,18.0,-2.074,15-20
b2,Punishment Sensitivity,1,3193,13.0,8.52,10-15
b2,Punishment Sensitivity,1,452,18.0,15.85,15-20
b2,Punishment Sensitivity,1,2040,21.0,12.56,20-25
b2,Punishment Sensitivity,1,6,20.0,1.051,15-20
b2,Punishment Sensitivity,1,4486,18.0,12.5,15-20
b2,Punishment Sensitivity,1,1,19.0,10.81,15-20
b2,Punishment Sensitivity,1,360,18.0,20.51,15-20
b2,Punishment Sensitivity,1,478,18.0,17.4,15-20
b2,Punishment Sensitivity,1,198,18.0,16.44,15-20
b2,Punishment Sensitivity,1,217,18.0,14.32,15-20
b2,Punishment Sensitivity,1,4934,11.0,11.75,10-15
b2,Punishment Sensitivity,1,303,10.0,4.493,10-15
b2,Punishment Sensitivity,1,2761,19.0,15.17,15-20
b2,Punishment Sensitivity,1,410,10.0,7.557,10-15
b2,Punishment Sensitivity,1,3349,22.0,20.0,20-25
b2,Punishment Sensitivity,1,200,22.0,11.75,20-25
b2,Punishment Sensitivity,1,44,24.0,20.94,20-25
b2,Punishment Sensitivity,1,5152,11.0,8.427,10-15
b2,Punishment Sensitivity,1,5525,18.0,15.97,15-20
b2,Punishment Sensitivity,1,551,15.0,6.143,10-15
b2,Punishment Sensitivity,1,41,17.0,10.18,15-20
b2,Punishment Sensitivity,1,3547,25.0,18.48,20-25
b2,Punishment Sensitivity,1,76,23.0,11.58,20-25
b2,Punishment Sensitivity,1,2068,24.0,6.961,20-25
b2,Punishment Sensitivity,1,4868,21.0,9.058,20-25
b2,Punishment Sensitivity,1,381,20.0,15.61,15-20
b2,Punishment Sensitivity,1,5231,22.0,7.528,20-25
b2,Punishment Sensitivity,1,758,18.0,19.06,15-20
b2,Punishment Sensitivity,1,6380,24.0,16.95,20-25
b2,Punishment Sensitivity,1,6125,22.0,20.98,20-25
b2,Punishment Sensitivity,1,3978,19.0,10.37,15-20
b2,Punishment Sensitivity,1,209,14.0,8.091,10-15
b2,Punishment Sensitivity,1,270,17.0,18.31,15-20
b2,Punishment Sensitivity,1,5464,19.0,7.852,15-20
b2,Punishment Sensitivity,1,5998,20.0,6.452,15-20
b2,Punishment Sensitivity,1,2599,19.0,6.497,15-20
b2,Punishment Sensitivity,1,304,21.0,8.553,20-25
b2,Punishment Sensitivity,1,406,18.0,7.162,15-20
b2,Punishment Sensitivity,1,4771,17.0,11.19,15-20
b2,Punishment Sensitivity,1,3880,19.0,7.092,15-20
b2,Punishment Sensitivity,1,595,24.0,13.73,20-25
b2,Punishment Sensitivity,1,5139,22.0,17.69,20-25
b2,Punishment Sensitivity,1,578,25.0,5.77,20-25
b2,Punishment Sensitivity,1,6696,15.0,12.54,10-15
b2,Punishment Sensitivity,1,5323,19.0,11.27,15-20
b2,Punishment Sensitivity,1,373,10.0,7.839,10-15
b2,Punishment Sensitivity,1,152,10.0,13.06,10-15
b2,Punishment Sensitivity,1,5534,12.0,10.71,10-15
b2,Punishment Sensitivity,2,83,10.0,25.28,10-15
b2,Punishment Sensitivity,2,159,16.0,2.866,15-20
b2,Punishment Sensitivity,2,6138,15.0,20.01,10-15
b2,Punishment Sensitivity,2,4172,10.0,12.5,10-15
b2,Punishment Sensitivity,2,3798,16.0,9.809,15-20
b2,Punishment Sensitivity,2,5278,12.0,8.606,10-15
b2,Punishment Sensitivity,2,5820,24.0,24.68,20-25
b2,Punishment Sensitivity,2,4348,11.0,6.066,10-15
b2,Punishment Sensitivity,2,197,10.0,12.75,10-15
b2,Punishment Sensitivity,2,3596,25.0,10.29,20-25
b2,Punishment Sensitivity,2,1780,19.0,14.86,15-20
b2,Punishment Sensitivity,2,583,20.0,22.85,15-20
b2,Punishment Sensitivity,2,5673,10.0,7.85,10-15
b2,Punishment Sensitivity,2,6215,22.0,5.751,20-25
b2,Punishment Sensitivity,2,404,23.0,13.88,20-25
b2,Punishment Sensitivity,2,7308,10.0,9.646,10-15
b2,Punishment Sensitivity,2,2039,21.0,8.164,20-25
b2,Punishment Sensitivity,2,2085,11.0,8.2,10-15
b2,Punishment Sensitivity,2,5720,15.0,11.42,10-15
b2,Punishment Sensitivity,2,7534,23.0,21.96,20-25
b2,Punishment Sensitivity,2,321,16.0,8.796,15-20
b2,Punishment Sensitivity,2,4824,20.0,1.883,15-20
b2,Punishment Sensitivity,2,4673,22.0,15.46,20-25
b2,Punishment Sensitivity,2,5359,25.0,16.9,20-25
b2,Punishment Sensitivity,2,3457,20.0,18.77,15-20
b2,Punishment Sensitivity,2,2559,12.0,24.37,10-15
b2,Punishment Sensitivity,2,223,26.0,12.94,20-25
b2,Punishment Sensitivity,2,2791,22.0,5.083,20-25
b2,Punishment Sensitivity,2,1571,23.0,10.26,20-25
b2,Punishment Sensitivity,2,5496,10.0,15.95,10-15
b2,Punishment Sensitivity,2,17,21.0,26.56,20-25
b2,Punishment Sensitivity,2,6521,11.0,7.26,10-15
b2,Punishment Sensitivity,2,45,13.0,9.466,10-15
b2,Punishment Sensitivity,2,78,12.0,8.459,10-15
b2,Punishment Sensitivity,2,5247,17.0,16.17,15-20
b2,Punishment Sensitivity,2,5732,14.0,19.78,10-15
b2,Punishment Sensitivity,2,7314,14.0,7.961,10-15
b2,Punishment Sensitivity,2,285,23.0,27.54,20-25
b2,Punishment Sensitivity,2,2402,13.0,21.65,10-15
b2,Punishment Sensitivity,2,4729,16.0,7.302,15-20
b2,Punishment Sensitivity,2,4727,16.0,5.824,15-20
b2,Punishment Sensitivity,2,138,23.0,15.06,20-25
b2,Punishment Sensitivity,2,26,25.0,15.63,20-25
b2,Punishment Sensitivity,2,3268,25.0,7.002,20-25
b2,Punishment Sensitivity,2,4582,11.0,14.0,10-15
b2,Punishment Sensitivity,2,461,15.0,11.34,10-15
b2,Punishment Sensitivity,2,2715,15.0,15.61,10-15
b2,Punishment Sensitivity,2,174,23.0,7.65,20-25
b2,Punishment Sensitivity,2,4661,23.0,3.731,20-25
b2,Punishment Sensitivity,2,429,16.0,6.317,15-20
b2,Punishment Sensitivity,2,5855,12.0,5.297,10-15
b2,Punishment Sensitivity,2,4314,21.0,6.18,20-25
b2,Punishment Sensitivity,2,5893,21.0,14.99,20-25
b2,Punishment Sensitivity,2,4533,23.0,22.35,20-25
b2,Punishment Sensitivity,2,293,20.0,8.453,15-20
b2,Punishment Sensitivity,2,6631,12.0,5.178,10-15
b2,Punishment Sensitivity,2,3790,16.0,13.61,15-20
b2,Punishment Sensitivity,2,5267,10.0,17.47,10-15
b2,Punishment Sensitivity,2,626,14.0,12.23,10-15
b2,Punishment Sensitivity,2,3991,22.0,18.75,20-25
b2,Punishment Sensitivity,2,3534,26.0,6.35,20-25
b2,Punishment Sensitivity,2,3330,25.0,19.13,20-25
b2,Punishment Sensitivity,2,5314,21.0,5.262,20-25
b2,Punishment Sensitivity,2,302,13.0,6.59,10-15
b2,Punishment Sensitivity,2,4947,13.0,6.015,10-15
b2,Punishment Sensitivity,2,210,11.0,22.26,10-15
b2,Punishment Sensitivity,2,228,14.0,11.34,10-15
b2,Punishment Sensitivity,2,3456,14.0,5.493,10-15
b2,Punishment Sensitivity,2,4200,14.0,25.44,10-15
b2,Punishment Sensitivity,2,240,13.0,13.46,10-15
b2,Punishment Sensitivity,2,6416,17.0,7.621,15-20
b2,Punishment Sensitivity,2,7612,12.0,1.618,10-15
b2,Punishment Sensitivity,2,1456,14.0,4.164,10-15
b2,Punishment Sensitivity,2,33,11.0,8.549,10-15
b2,Punishment Sensitivity,2,4004,17.0,6.931,15-20
b2,Punishment Sensitivity,2,592,11.0,4.605,10-15
b2,Punishment Sensitivity,2,7547,13.0,5.124,10-15
b2,Punishment Sensitivity,2,6072,12.0,11.75,10-15
b2,Punishment Sensitivity,2,266,16.0,3.991,15-20
b2,Punishment Sensitivity,2,1981,13.0,19.96,10-15
b2,Punishment Sensitivity,2,218,11.0,12.33,10-15
b2,Punishment Sensitivity,2,5963,11.0,11.57,10-15
b2,Punishment Sensitivity,2,3632,21.0,22.69,20-25
b2,Punishment Sensitivity,2,1843,14.0,14.76,10-15
b2,Punishment Sensitivity,2,587,15.0,17.21,10-15
b2,Punishment Sensitivity,2,3054,25.0,20.21,20-25
b2,Punishment Sensitivity,2,75,17.0,20.69,15-20
b2,Punishment Sensitivity,2,105,12.0,12.14,10-15
b2,Punishment Sensitivity,2,5332,14.0,10.97,10-15
b2,Punishment Sensitivity,2,63,10.0,11.27,10-15
b2,Punishment Sensitivity,2,4173,13.0,11.2,10-15
b2,Punishment Sensitivity,2,5286,12.0,7.426,10-15
b2,Punishment Sensitivity,2,504,18.0,17.98,15-20
b2,Punishment Sensitivity,2,5055,21.0,9.371,20-25
b2,Punishment Sensitivity,2,2430,18.0,15.33,15-20
b2,Punishment Sensitivity,2,3535,21.0,13.66,20-25
b2,Punishment Sensitivity,2,3386,22.0,6.092,20-25
b2,Punishment Sensitivity,2,4459,19.0,14.34,15-20
b2,Punishment Sensitivity,2,5136,12.0,6.74,10-15
b2,Punishment Sensitivity,2,390,14.0,8.384,10-15
b2,Punishment Sensitivity,2,709,22.0,17.81,20-25
b2,Punishment Sensitivity,2,506,15.0,5.716,10-15
b2,Punishment Sensitivity,2,4924,16.0,6.578,15-20
b2,Punishment Sensitivity,2,4439,11.0,7.543,10-15
b2,Punishment Sensitivity,2,2915,15.0,11.57,10-15
b2,Punishment Sensitivity,2,115,15.0,1.745,10-15
b2,Punishment Sensitivity,2,3206,18.0,3.418,15-20
b2,Punishment Sensitivity,2,3193,13.0,7.489,10-15
b2,Punishment Sensitivity,2,452,18.0,11.79,15-20
b2,Punishment Sensitivity,2,2040,21.0,10.03,20-25
b2,Punishment Sensitivity,2,6,20.0,6.656,15-20
b2,Punishment Sensitivity,2,4486,18.0,10.3,15-20
b2,Punishment Sensitivity,2,1,19.0,11.65,15-20
b2,Punishment Sensitivity,2,360,18.0,14.07,15-20
b2,Punishment Sensitivity,2,478,18.0,8.458,15-20
b2,Punishment Sensitivity,2,198,18.0,22.17,15-20
b2,Punishment Sensitivity,2,217,18.0,10.04,15-20
b2,Punishment Sensitivity,2,4934,11.0,10.71,10-15
b2,Punishment Sensitivity,2,303,10.0,3.245,10-15
b2,Punishment Sensitivity,2,2761,19.0,10.02,15-20
b2,Punishment Sensitivity,2,410,10.0,4.921,10-15
b2,Punishment Sensitivity,2,3349,22.0,13.17,20-25
b2,Punishment Sensitivity,2,200,22.0,7.649,20-25
b2,Punishment Sensitivity,2,44,24.0,21.71,20-25
b2,Punishment Sensitivity,2,5152,11.0,12.6,10-15
b2,Punishment Sensitivity,2,5525,18.0,11.57,15-20
b2,Punishment Sensitivity,2,551,15.0,13.9,10-15
b2,Punishment Sensitivity,2,41,17.0,10.82,15-20
b2,Punishment Sensitivity,2,3547,25.0,21.67,20-25
b2,Punishment Sensitivity,2,76,23.0,19.55,20-25
b2,Punishment Sensitivity,2,2068,24.0,2.265,20-25
b2,Punishment Sensitivity,2,4868,21.0,6.556,20-25
b2,Punishment Sensitivity,2,381,20.0,18.03,15-20
b2,Punishment Sensitivity,2,5231,22.0,3.512,20-25
b2,Punishment Sensitivity,2,758,18.0,22.6,15-20
b2,Punishment Sensitivity,2,6380,24.0,16.28,20-25
b2,Punishment Sensitivity,2,6125,22.0,26.49,20-25
b2,Punishment Sensitivity,2,3978,19.0,10.42,15-20
b2,Punishment Sensitivity,2,209,14.0,12.71,10-15
b2,Punishment Sensitivity,2,270,17.0,11.62,15-20
b2,Punishment Sensitivity,2,5464,19.0,10.05,15-20
b2,Punishment Sensitivity,2,5998,20.0,11.32,15-20
b2,Punishment Sensitivity,2,2599,19.0,7.678,15-20
b2,Punishment Sensitivity,2,304,21.0,10.02,20-25
b2,Punishment Sensitivity,2,406,18.0,6.402,15-20
b2,Punishment Sensitivity,2,4771,17.0,10.61,15-20
b2,Punishment Sensitivity,2,3880,19.0,11.93,15-20
b2,Punishment Sensitivity,2,595,24.0,17.78,20-25
b2,Punishment Sensitivity,2,5139,22.0,16.31,20-25
b2,Punishment Sensitivity,2,578,25.0,19.06,20-25
b2,Punishment Sensitivity,2,6696,15.0,15.16,10-15
b2,Punishment Sensitivity,2,5323,19.0,11.44,15-20
b2,Punishment Sensitivity,2,373,10.0,8.553,10-15
b2,Punishment Sensitivity,2,152,10.0,9.601,10-15
b2,Punishment Sensitivity,2,5534,12.0,6.677,10-15
b3,Approach Bias,1,83,10.0,1.988,10-15
b3,Approach Bias,1,159,16.0,1.338,15-20
b3,Approach Bias,1,6138,15.0,1.015,10-15
b3,Approach Bias,1,4172,10.0,3.755,10-15
b3,Approach Bias,1,3798,16.0,1.17,15-20
b3,Approach Bias,1,5278,12.0,-0.2104,10-15
b3,Approach Bias,1,5820,24.0,0.6081,20-25
b3,Approach Bias,1,4348,11.0,0.6323,10-15
b3,Approach Bias,1,197,10.0,0.9873,10-15
b3,Approach Bias,1,3596,25.0,1.73,20-25
b3,Approach Bias,1,1780,19.0,1.432,15-20
b3,Approach Bias,1,583,20.0,0.2057,15-20
b3,Approach Bias,1,5673,10.0,1.629,10-15
b3,Approach Bias,1,6215,22.0,4.231,20-25
b3,Approach Bias,1,404,23.0,-0.2216,20-25
b3,Approach Bias,1,7308,10.0,1.293,10-15
b3,Approach Bias,1,2039,21.0,0.1328,20-25
b3,Approach Bias,1,2085,11.0,0.2395,10-15
b3,Approach Bias,1,5720,15.0,0.7711,10-15
b3,Approach Bias,1,7534,23.0,1.679,20-25
b3,Approach Bias,1,321,16.0,0.9724,15-20
b3,Approach Bias,1,4824,20.0,3.94,15-20
b3,Approach Bias,1,4673,22.0,2.899,20-25
b3,Approach Bias,1,5359,25.0,1.742,20-25
b3,Approach Bias,1,3457,20.0,0.1378,15-20
b3,Approach Bias,1,2559,12.0,1.267,10-15
b3,Approach Bias,1,223,26.0,0.4536,20-25
b3,Approach Bias,1,2791,22.0,1.235,20-25
b3,Approach Bias,1,1571,23.0,1.87,20-25
b3,Approach Bias,1,5496,10.0,1.234,10-15
b3,Approach Bias,1,17,21.0,2.403,20-25
b3,Approach Bias,1,6521,11.0,2.546,10-15
b3,Approach Bias,1,45,13.0,3.235,10-15
b3,Approach Bias,1,78,12.0,4.191,10-15
b3,Approach Bias,1,5247,17.0,1.5,15-20
b3,Approach Bias,1,5732,14.0,1.827,10-15
b3,Approach Bias,1,7314,14.0,-0.5235,10-15
b3,Approach Bias,1,285,23.0,1.537,20-25
b3,Approach Bias,1,2402,13.0,1.989,10-15
b3,Approach Bias,1,4729,16.0,4.411,15-20
b3,Approach Bias,1,4727,16.0,4.887,15-20
b3,Approach Bias,1,138,23.0,2.88,20-25
b3,Approach Bias,1,26,25.0,1.451,20-25
b3,Approach Bias,1,3268,25.0,2.912,20-25
b3,Approach Bias,1,4582,11.0,0.2627,10-15
b3,Approach Bias,1,461,15.0,3.49,10-15
b3,Approach Bias,1,2715,15.0,1.382,10-15
b3,Approach Bias,1,174,23.0,2.018,20-25
b3,Approach Bias,1,4661,23.0,1.81,20-25
b3,Approach Bias,1,429,16.0,1.006,15-20
b3,Approach Bias,1,5855,12.0,3.484,10-15
b3,Approach Bias,1,4314,21.0,2.817,20-25
b3,Approach Bias,1,5893,21.0,0.3412,20-25
b3,Approach Bias,1,4533,23.0,0.9071,20-25
b3,Approach Bias,1,293,20.0,1.351,15-20
b3,Approach Bias,1,6631,12.0,-1.58,10-15
b3,Approach Bias,1,3790,16.0,1.147,15-20
b3,Approach Bias,1,5267,10.0,1.926,10-15
b3,Approach Bias,1,626,14.0,2.035,10-15
b3,Approach Bias,1,3991,22.0,0.966,20-25
b3,Approach Bias,1,3534,26.0,0.7204,20-25
b3,Approach Bias,1,3330,25.0,0.9149,20-25
b3,Approach Bias,1,5314,21.0,1.136,20-25
b3,Approach Bias,1,302,13.0,2.337,10-15
b3,Approach Bias,1,4947,13.0,1.223,10-15
b3,Approach Bias,1,210,11.0,0.8652,10-15
b3,Approach Bias,1,228,14.0,1.169,10-15
b3,Approach Bias,1,3456,14.0,0.4611,10-15
b3,Approach Bias,1,4200,14.0,1.47,10-15
b3,Approach Bias,1,240,13.0,0.112,10-15
b3,Approach Bias,1,6416,17.0,1.122,15-20
b3,Approach Bias,1,7612,12.0,0.3419,10-15
b3,Approach Bias,1,1456,14.0,0.2067,10-15
b3,Approach Bias,1,33,11.0,3.113,10-15
b3,Approach Bias,1,4004,17.0,0.9321,15-20
b3,Approach Bias,1,592,11.0,3.883,10-15
b3,Approach Bias,1,7547,13.0,1.404,10-15
b3,Approach Bias,1,6072,12.0,0.9389,10-15
b3,Approach Bias,1,266,16.0,2.166,15-20
b3,Approach Bias,1,1981,13.0,0.406,10-15
b3,Approach Bias,1,218,11.0,0.7811,10-15
b3,Approach Bias,1,5963,11.0,0.5539,10-15
b3,Approach Bias,1,3632,21.0,1.85,20-25
b3,Approach Bias,1,1843,14.0,0.8413,10-15
b3,Approach Bias,1,587,15.0,1.948,10-15
b3,Approach Bias,1,3054,25.0,0.3019,20-25
b3,Approach Bias,1,75,17.0,0.6888,15-20
b3,Approach Bias,1,105,12.0,1.282,10-15
b3,Approach Bias,1,5332,14.0,0.2658,10-15
b3,Approach Bias,1,63,10.0,0.516,10-15
b3,Approach Bias,1,4173,13.0,1.87,10-15
b3,Approach Bias,1,5286,12.0,1.991,10-15
b3,Approach Bias,1,504,18.0,1.882,15-20
b3,Approach Bias,1,5055,21.0,1.615,20-25
b3,Approach Bias,1,2430,18.0,0.4056,15-20
b3,Approach Bias,1,3535,21.0,1.187,20-25
b3,Approach Bias,1,3386,22.0,1.35,20-25
b3,Approach Bias,1,4459,19.0,1.361,15-20
b3,Approach Bias,1,5136,12.0,0.2949,10-15
b3,Approach Bias,1,390,14.0,1.343,10-15
b3,Approach Bias,1,709,22.0,2.907,20-25
b3,Approach Bias,1,506,15.0,4.324,10-15
b3,Approach Bias,1,4924,16.0,0.7941,15-20
b3,Approach Bias,1,4439,11.0,0.4235,10-15
b3,Approach Bias,1,2915,15.0,0.3964,10-15
b3,Approach Bias,1,115,15.0,4.45,10-15
b3,Approach Bias,1,3206,18.0,4.005,15-20
b3,Approach Bias,1,3193,13.0,3.133,10-15
b3,Approach Bias,1,452,18.0,-0.02585,15-20
b3,Approach Bias,1,2040,21.0,1.092,20-25
b3,Approach Bias,1,6,20.0,3.509,15-20
b3,Approach Bias,1,4486,18.0,0.688,15-20
b3,Approach Bias,1,1,19.0,0.2377,15-20
b3,Approach Bias,1,360,18.0,-0.5926,15-20
b3,Approach Bias,1,478,18.0,1.013,15-20
b3,Approach Bias,1,198,18.0,2.49,15-20
b3,Approach Bias,1,217,18.0,0.5182,15-20
b3,Approach Bias,1,4934,11.0,0.8455,10-15
b3,Approach Bias,1,303,10.0,5.088,10-15
b3,Approach Bias,1,2761,19.0,0.8766,15-20
b3,Approach Bias,1,410,10.0,1.475,10-15
b3,Approach Bias,1,3349,22.0,-0.3142,20-25
b3,Approach Bias,1,200,22.0,0.8367,20-25
b3,Approach Bias,1,44,24.0,1.279,20-25
b3,Approach Bias,1,5152,11.0,0.6068,10-15
b3,Approach Bias,1,5525,18.0,-0.01956,15-20
b3,Approach Bias,1,551,15.0,1.244,10-15
b3,Approach Bias,1,41,17.0,1.603,15-20
b3,Approach Bias,1,3547,25.0,0.7696,20-25
b3,Approach Bias,1,76,23.0,0.848,20-25
b3,Approach Bias,1,2068,24.0,1.543,20-25
b3,Approach Bias,1,4868,21.0,1.722,20-25
b3,Approach Bias,1,381,20.0,-0.6032,15-20
b3,Approach Bias,1,5231,22.0,-0.3528,20-25
b3,Approach Bias,1,758,18.0,1.52,15-20
b3,Approach Bias,1,6380,24.0,0.3212,20-25
b3,Approach Bias,1,6125,22.0,1.65,20-25
b3,Approach Bias,1,3978,19.0,0.7927,15-20
b3,Approach Bias,1,209,14.0,0.4931,10-15
b3,Approach Bias,1,270,17.0,0.5827,15-20
b3,Approach Bias,1,5464,19.0,2.393,15-20
b3,Approach Bias,1,5998,20.0,0.8982,15-20
b3,Approach Bias,1,2599,19.0,0.5309,15-20
b3,Approach Bias,1,304,21.0,3.765,20-25
b3,Approach Bias,1,406,18.0,0.9071,15-20
b3,Approach Bias,1,4771,17.0,1.417,15-20
b3,Approach Bias,1,3880,19.0,4.103,15-20
b3,Approach Bias,1,595,24.0,2.485,20-25
b3,Approach Bias,1,5139,22.0,0.6664,20-25
b3,Approach Bias,1,578,25.0,2.116,20-25
b3,Approach Bias,1,6696,15.0,0.8817,10-15
b3,Approach Bias,1,5323,19.0,2.867,15-20
b3,Approach Bias,1,373,10.0,0.1978,10-15
b3,Approach Bias,1,152,10.0,0.7803,10-15
b3,Approach Bias,1,5534,12.0,2.154,10-15
b3,Approach Bias,2,83,10.0,1.114,10-15
b3,Approach Bias,2,159,16.0,0.6479,15-20
b3,Approach Bias,2,6138,15.0,-0.0287,10-15
b3,Approach Bias,2,4172,10.0,3.17,10-15
b3,Approach Bias,2,3798,16.0,-1.877,15-20
b3,Approach Bias,2,5278,12.0,-0.281,10-15
b3,Approach Bias,2,5820,24.0,0.9412,20-25
b3,Approach Bias,2,4348,11.0,-0.1046,10-15
b3,Approach Bias,2,197,10.0,1.752,10-15
b3,Approach Bias,2,3596,25.0,1.518,20-25
b3,Approach Bias,2,1780,19.0,0.8391,15-20
b3,Approach Bias,2,583,20.0,0.5869,15-20
b3,Approach Bias,2,5673,10.0,0.9414,10-15
b3,Approach Bias,2,6215,22.0,4.632,20-25
b3,Approach Bias,2,404,23.0,0.07738,20-25
b3,Approach Bias,2,7308,10.0,2.182,10-15
b3,Approach Bias,2,2039,21.0,-0.06558,20-25
b3,Approach Bias,2,2085,11.0,-0.482,10-15
b3,Approach Bias,2,5720,15.0,0.4382,10-15
b3,Approach Bias,2,7534,23.0,0.3895,20-25
b3,Approach Bias,2,321,16.0,0.4883,15-20
b3,Approach Bias,2,4824,20.0,3.853,15-20
b3,Approach Bias,2,4673,22.0,1.959,20-25
b3,Approach Bias,2,5359,25.0,0.6878,20-25
b3,Approach Bias,2,3457,20.0,-1.208,15-20
b3,Approach Bias,2,2559,12.0,0.4999,10-15
b3,Approach Bias,2,223,26.0,2.264,20-25
b3,Approach Bias,2,2791,22.0,0.5251,20-25
b3,Approach Bias,2,1571,23.0,1.447,20-25
b3,Approach Bias,2,5496,10.0,0.3661,10-15
b3,Approach Bias,2,17,21.0,1.685,20-25
b3,Approach Bias,2,6521,11.0,0.5774,10-15
b3,Approach Bias,2,45,13.0,3.704,10-15
b3,Approach Bias,2,78,12.0,3.051,10-15
b3,Approach Bias,2,5247,17.0,0.67,15-20
b3,Approach Bias,2,5732,14.0,1.428,10-15
b3,Approach Bias,2,7314,14.0,0.816,10-15
b3,Approach Bias,2,285,23.0,1.163,20-25
b3,Approach Bias,2,2402,13.0,1.667,10-15
b3,Approach Bias,2,4729,16.0,4.266,15-20
b3,Approach Bias,2,4727,16.0,4.393,15-20
b3,Approach Bias,2,138,23.0,1.809,20-25
b3,Approach Bias,2,26,25.0,0.3503,20-25
b3,Approach Bias,2,3268,25.0,1.048,20-25
b3,Approach Bias,2,4582,11.0,-0.3274,10-15
b3,Approach Bias,2,461,15.0,3.724,10-15
b3,Approach Bias,2,2715,15.0,0.4262,10-15
b3,Approach Bias,2,174,23.0,1.388,20-25
b3,Approach Bias,2,4661,23.0,1.709,20-25
b3,Approach Bias,2,429,16.0,1.727,15-20
b3,Approach Bias,2,5855,12.0,2.535,10-15
b3,Approach Bias,2,4314,21.0,2.401,20-25
b3,Approach Bias,2,5893,21.0,0.9211,20-25
b3,Approach Bias,2,4533,23.0,1.207,20-25
b3,Approach Bias,2,293,20.0,1.159,15-20
b3,Approach Bias,2,6631,12.0,-0.5977,10-15
b3,Approach Bias,2,3790,16.0,0.5809,15-20
b3,Approach Bias,2,5267,10.0,2.312,10-15
b3,Approach Bias,2,626,14.0,1.301,10-15
b3,Approach Bias,2,3991,22.0,0.6922,20-25
b3,Approach Bias,2,3534,26.0,-3.506,20-25
b3,Approach Bias,2,3330,25.0,2.573,20-25
b3,Approach Bias,2,5314,21.0,1.405,20-25
b3,Approach Bias,2,302,13.0,1.67,10-15
b3,Approach Bias,2,4947,13.0,1.074,10-15
b3,Approach Bias,2,210,11.0,1.792,10-15
b3,Approach Bias,2,228,14.0,0.6807,10-15
b3,Approach Bias,2,3456,14.0,1.276,10-15
b3,Approach Bias,2,4200,14.0,2.388,10-15
b3,Approach Bias,2,240,13.0,0.5145,10-15
b3,Approach Bias,2,6416,17.0,0.55,15-20
b3,Approach Bias,2,7612,12.0,0.2405,10-15
b3,Approach Bias,2,1456,14.0,0.4836,10-15
b3,Approach Bias,2,33,11.0,2.167,10-15
b3,Approach Bias,2,4004,17.0,1.243,15-20
b3,Approach Bias,2,592,11.0,2.009,10-15
b3,Approach Bias,2,7547,13.0,0.3056,10-15
b3,Approach Bias,2,6072,12.0,0.8196,10-15
b3,Approach Bias,2,266,16.0,4.035,15-20
b3,Approach Bias,2,1981,13.0,0.1144,10-15
b3,Approach Bias,2,218,11.0,0.08927,10-15
b3,Approach Bias,2,5963,11.0,1.055,10-15
b3,Approach Bias,2,3632,21.0,1.846,20-25
b3,Approach Bias,2,1843,14.0,1.261,10-15
b3,Approach Bias,2,587,15.0,0.4443,10-15
b3,Approach Bias,2,3054,25.0,0.3327,20-25
b3,Approach Bias,2,75,17.0,0.6958,15-20
b3,Approach Bias,2,105,12.0,1.468,10-15
b3,Approach Bias,2,5332,14.0,0.581,10-15
b3,Approach Bias,2,63,10.0,0.2436,10-15
b3,Approach Bias,2,4173,13.0,0.3825,10-15
b3,Approach Bias,2,5286,12.0,3.106,10-15
b3,Approach Bias,2,504,18.0,0.4313,15-20
b3,Approach Bias,2,5055,21.0,1.275,20-25
b3,Approach Bias,2,2430,18.0,0.23,15-20
b3,Approach Bias,2,3535,21.0,1.928,20-25
b3,Approach Bias,2,3386,22.0,1.911,20-25
b3,Approach Bias,2,4459,19.0,0.9119,15-20
b3,Approach Bias,2,5136,12.0,-2.12,10-15
b3,Approach Bias,2,390,14.0,0.9267,10-15
b3,Approach Bias,2,709,22.0,1.093,20-25
b3,Approach Bias,2,506,15.0,2.632,10-15
b3,Approach Bias,2,4924,16.0,1.544,15-20
b3,Approach Bias,2,4439,11.0,1.092,10-15
b3,Approach Bias,2,2915,15.0,0.006391,10-15
b3,Approach Bias,2,115,15.0,4.318,10-15
b3,Approach Bias,2,3206,18.0,2.691,15-20
b3,Approach Bias,2,3193,13.0,3.943,10-15
b3,Approach Bias,2,452,18.0,0.4253,15-20
b3,Approach Bias,2,2040,21.0,-0.4312,20-25
b3,Approach Bias,2,6,20.0,4.426,15-20
b3,Approach Bias,2,4486,18.0,0.9113,15-20
b3,Approach Bias,2,1,19.0,1.524,15-20
b3,Approach Bias,2,360,18.0,0.6041,15-20
b3,Approach Bias,2,478,18.0,0.8401,15-20
b3,Approach Bias,2,198,18.0,1.651,15-20
b3,Approach Bias,2,217,18.0,1.436,15-20
b3,Approach Bias,2,4934,11.0,0.2669,10-15
b3,Approach Bias,2,303,10.0,4.886,10-15
b3,Approach Bias,2,2761,19.0,1.691,15-20
b3,Approach Bias,2,410,10.0,0.3252,10-15
b3,Approach Bias,2,3349,22.0,0.8202,20-25
b3,Approach Bias,2,200,22.0,0.1237,20-25
b3,Approach Bias,2,44,24.0,1.856,20-25
b3,Approach Bias,2,5152,11.0,0.9194,10-15
b3,Approach Bias,2,5525,18.0,0.1389,15-20
b3,Approach Bias,2,551,15.0,0.3942,10-15
b3,Approach Bias,2,41,17.0,1.129,15-20
b3,Approach Bias,2,3547,25.0,0.3187,20-25
b3,Approach Bias,2,76,23.0,0.9477,20-25
b3,Approach Bias,2,2068,24.0,0.1738,20-25
b3,Approach Bias,2,4868,21.0,1.468,20-25
b3,Approach Bias,2,381,20.0,0.9447,15-20
b3,Approach Bias,2,5231,22.0,0.1058,20-25
b3,Approach Bias,2,758,18.0,1.455,15-20
b3,Approach Bias,2,6380,24.0,0.4484,20-25
b3,Approach Bias,2,6125,22.0,2.366,20-25
b3,Approach Bias,2,3978,19.0,0.807,15-20
b3,Approach Bias,2,209,14.0,0.2989,10-15
b3,Approach Bias,2,270,17.0,-0.435,15-20
b3,Approach Bias,2,5464,19.0,1.936,15-20
b3,Approach Bias,2,5998,20.0,1.178,15-20
b3,Approach Bias,2,2599,19.0,0.5807,15-20
b3,Approach Bias,2,304,21.0,0.8445,20-25
b3,Approach Bias,2,406,18.0,0.3009,15-20
b3,Approach Bias,2,4771,17.0,1.226,15-20
b3,Approach Bias,2,3880,19.0,4.198,15-20
b3,Approach Bias,2,595,24.0,1.405,20-25
b3,Approach Bias,2,5139,22.0,0.5914,20-25
b3,Approach Bias,2,578,25.0,1.733,20-25
b3,Approach Bias,2,6696,15.0,0.5798,10-15
b3,Approach Bias,2,5323,19.0,2.664,15-20
b3,Approach Bias,2,373,10.0,-0.6316,10-15
b3,Approach Bias,2,152,10.0,0.2958,10-15
b3,Approach Bias,2,5534,12.0,0.6322,10-15
b4,Avoidance Bias,1,83,10.0,0.3921,10-15
b4,Avoidance Bias,1,159,16.0,0.7273,15-20
b4,Avoidance Bias,1,6138,15.0,-0.427,10-15
b4,Avoidance Bias,1,4172,10.0,-0.08755,10-15
b4,Avoidance Bias,1,3798,16.0,-0.2668,15-20
b4,Avoidance Bias,1,5278,12.0,0.3402,10-15
b4,Avoidance Bias,1,5820,24.0,0.4777,20-25
b4,Avoidance Bias,1,4348,11.0,-0.2807,10-15
b4,Avoidance Bias,1,197,10.0,-0.3765,10-15
b4,Avoidance Bias,1,3596,25.0,0.1746,20-25
b4,Avoidance Bias,1,1780,19.0,0.3172,15-20
b4,Avoidance Bias,1,583,20.0,-0.2587,15-20
b4,Avoidance Bias,1,5673,10.0,-0.4008,10-15
b4,Avoidance Bias,1,6215,22.0,-2.647,20-25
b4,Avoidance Bias,1,404,23.0,-0.002482,20-25
b4,Avoidance Bias,1,7308,10.0,-0.4866,10-15
b4,Avoidance Bias,1,2039,21.0,0.2056,20-25
b4,Avoidance Bias,1,2085,11.0,-0.5782,10-15
b4,Avoidance Bias,1,5720,15.0,0.237,10-15
b4,Avoidance Bias,1,7534,23.0,-0.5017,20-25
b4,Avoidance Bias,1,321,16.0,0.3415,15-20
b4,Avoidance Bias,1,4824,20.0,-0.361,15-20
b4,Avoidance Bias,1,4673,22.0,1.433,20-25
b4,Avoidance Bias,1,5359,25.0,1.228,20-25
b4,Avoidance Bias,1,3457,20.0,-0.5635,15-20
b4,Avoidance Bias,1,2559,12.0,-0.139,10-15
b4,Avoidance Bias,1,223,26.0,0.8885,20-25
b4,Avoidance Bias,1,2791,22.0,-1.057,20-25
b4,Avoidance Bias,1,1571,23.0,-0.3137,20-25
b4,Avoidance Bias,1,5496,10.0,-0.5522,10-15
b4,Avoidance Bias,1,17,21.0,-0.1695,20-25
b4,Avoidance Bias,1,6521,11.0,0.5427,10-15
b4,Avoidance Bias,1,45,13.0,-0.7621,10-15
b4,Avoidance Bias,1,78,12.0,-3.622,10-15
b4,Avoidance Bias,1,5247,17.0,0.4113,15-20
b4,Avoidance Bias,1,5732,14.0,-0.1363,10-15
b4,Avoidance Bias,1,7314,14.0,-0.4005,10-15
b4,Avoidance Bias,1,285,23.0,0.4404,20-25
b4,Avoidance Bias,1,2402,13.0,0.7848,10-15
b4,Avoidance Bias,1,4729,16.0,-2.844,15-20
b4,Avoidance Bias,1,4727,16.0,2.503,15-20
b4,Avoidance Bias,1,138,23.0,-0.7624,20-25
b4,Avoidance Bias,1,26,25.0,0.04718,20-25
b4,Avoidance Bias,1,3268,25.0,-0.3954,20-25
b4,Avoidance Bias,1,4582,11.0,-0.8341,10-15
b4,Avoidance Bias,1,461,15.0,0.04557,10-15
b4,Avoidance Bias,1,2715,15.0,0.8668,10-15
b4,Avoidance Bias,1,174,23.0,-0.4941,20-25
b4,Avoidance Bias,1,4661,23.0,0.6445,20-25
b4,Avoidance Bias,1,429,16.0,-0.2055,15-20
b4,Avoidance Bias,1,5855,12.0,-3.902,10-15
b4,Avoidance Bias,1,4314,21.0,1.556,20-25
b4,Avoidance Bias,1,5893,21.0,0.3498,20-25
b4,Avoidance Bias,1,4533,23.0,-0.4946,20-25
b4,Avoidance Bias,1,293,20.0,-0.6145,15-20
b4,Avoidance Bias,1,6631,12.0,-2.496,10-15
b4,Avoidance Bias,1,3790,16.0,-0.9601,15-20
b4,Avoidance Bias,1,5267,10.0,0.9364,10-15
b4,Avoidance Bias,1,626,14.0,0.6324,10-15
b4,Avoidance Bias,1,3991,22.0,0.9847,20-25
b4,Avoidance Bias,1,3534,26.0,0.3519,20-25
b4,Avoidance Bias,1,3330,25.0,0.2635,20-25
b4,Avoidance Bias,1,5314,21.0,-0.4313,20-25
b4,Avoidance Bias,1,302,13.0,-4.054,10-15
b4,Avoidance Bias,1,4947,13.0,0.8612,10-15
b4,Avoidance Bias,1,210,11.0,0.325,10-15
b4,Avoidance Bias,1,228,14.0,0.6125,10-15
b4,Avoidance Bias,1,3456,14.0,-0.2154,10-15
b4,Avoidance Bias,1,4200,14.0,-0.1075,10-15
b4,Avoidance Bias,1,240,13.0,0.00466,10-15
b4,Avoidance Bias,1,6416,17.0,1.008,15-20
b4,Avoidance Bias,1,7612,12.0,-0.4028,10-15
b4,Avoidance Bias,1,1456,14.0,0.7175,10-15
b4,Avoidance Bias,1,33,11.0,1.024,10-15
b4,Avoidance Bias,1,4004,17.0,0.0766,15-20
b4,Avoidance Bias,1,592,11.0,-3.942,10-15
b4,Avoidance Bias,1,7547,13.0,-0.5329,10-15
b4,Avoidance Bias,1,6072,12.0,0.2537,10-15
b4,Avoidance Bias,1,266,16.0,1.547,15-20
b4,Avoidance Bias,1,1981,13.0,0.1575,10-15
b4,Avoidance Bias,1,218,11.0,-0.28,10-15
b4,Avoidance Bias,1,5963,11.0,0.1327,10-15
b4,Avoidance Bias,1,3632,21.0,0.1977,20-25
b4,Avoidance Bias,1,1843,14.0,-0.2335,10-15
b4,Avoidance Bias,1,587,15.0,1.769,10-15
b4,Avoidance Bias,1,3054,25.0,-0.02871,20-25
b4,Avoidance Bias,1,75,17.0,-0.7472,15-20
b4,Avoidance Bias,1,105,12.0,0.2134,10-15
b4,Avoidance Bias,1,5332,14.0,-0.1848,10-15
b4,Avoidance Bias,1,63,10.0,0.003674,10-15
b4,Avoidance Bias,1,4173,13.0,7.213e-05,10-15
b4,Avoidance Bias,1,5286,12.0,-2.879,10-15
b4,Avoidance Bias,1,504,18.0,-0.3628,15-20
b4,Avoidance Bias,1,5055,21.0,0.5301,20-25
b4,Avoidance Bias,1,2430,18.0,1.068,15-20
b4,Avoidance Bias,1,3535,21.0,-0.03798,20-25
b4,Avoidance Bias,1,3386,22.0,-0.194,20-25
b4,Avoidance Bias,1,4459,19.0,0.2002,15-20
b4,Avoidance Bias,1,5136,12.0,-0.515,10-15
b4,Avoidance Bias,1,390,14.0,0.5496,10-15
b4,Avoidance Bias,1,709,22.0,-0.4288,20-25
b4,Avoidance Bias,1,506,15.0,-4.293,10-15
b4,Avoidance Bias,1,4924,16.0,0.3864,15-20
b4,Avoidance Bias,1,4439,11.0,-0.5846,10-15
b4,Avoidance Bias,1,2915,15.0,-1.351,10-15
b4,Avoidance Bias,1,115,15.0,-1.015,10-15
b4,Avoidance Bias,1,3206,18.0,-2.243,15-20
b4,Avoidance Bias,1,3193,13.0,-2.12,10-15
b4,Avoidance Bias,1,452,18.0,-0.1791,15-20
b4,Avoidance Bias,1,2040,21.0,0.3455,20-25
b4,Avoidance Bias,1,6,20.0,-0.9392,15-20
b4,Avoidance Bias,1,4486,18.0,-0.2229,15-20
b4,Avoidance Bias,1,1,19.0,-0.6058,15-20
b4,Avoidance Bias,1,360,18.0,1.169,15-20
b4,Avoidance Bias,1,478,18.0,-0.2091,15-20
b4,Avoidance Bias,1,198,18.0,0.7067,15-20
b4,Avoidance Bias,1,217,18.0,0.1013,15-20
b4,Avoidance Bias,1,4934,11.0,0.2634,10-15
b4,Avoidance Bias,1,303,10.0,0.1781,10-15
b4,Avoidance Bias,1,2761,19.0,0.00962,15-20
b4,Avoidance Bias,1,410,10.0,-0.5075,10-15
b4,Avoidance Bias,1,3349,22.0,0.2794,20-25
b4,Avoidance Bias,1,200,22.0,-0.3657,20-25
b4,Avoidance Bias,1,44,24.0,0.01251,20-25
b4,Avoidance Bias,1,5152,11.0,-0.4318,10-15
b4,Avoidance Bias,1,5525,18.0,0.2421,15-20
b4,Avoidance Bias,1,551,15.0,-0.2246,10-15
b4,Avoidance Bias,1,41,17.0,0.06283,15-20
b4,Avoidance Bias,1,3547,25.0,-0.629,20-25
b4,Avoidance Bias,1,76,23.0,-0.261,20-25
b4,Avoidance Bias,1,2068,24.0,0.3784,20-25
b4,Avoidance Bias,1,4868,21.0,-0.5763,20-25
b4,Avoidance Bias,1,381,20.0,-0.5525,15-20
b4,Avoidance Bias,1,5231,22.0,-0.9523,20-25
b4,Avoidance Bias,1,758,18.0,1.066,15-20
b4,Avoidance Bias,1,6380,24.0,-0.4891,20-25
b4,Avoidance Bias,1,6125,22.0,-0.02066,20-25
b4,Avoidance Bias,1,3978,19.0,-0.7867,15-20
b4,Avoidance Bias,1,209,14.0,-0.6481,10-15
b4,Avoidance Bias,1,270,17.0,1.003,15-20
b4,Avoidance Bias,1,5464,19.0,0.507,15-20
b4,Avoidance Bias,1,5998,20.0,0.6726,15-20
b4,Avoidance Bias,1,2599,19.0,-0.2802,15-20
b4,Avoidance Bias,1,304,21.0,-3.106,20-25
b4,Avoidance Bias,1,406,18.0,0.5605,15-20
b4,Avoidance Bias,1,4771,17.0,0.5435,15-20
b4,Avoidance Bias,1,3880,19.0,1.347,15-20
b4,Avoidance Bias,1,595,24.0,0.3199,20-25
b4,Avoidance Bias,1,5139,22.0,0.4473,20-25
b4,Avoidance Bias,1,578,25.0,-0.7237,20-25
b4,Avoidance Bias,1,6696,15.0,-0.09865,10-15
b4,Avoidance Bias,1,5323,19.0,0.78,15-20
b4,Avoidance Bias,1,373,10.0,0.08955,10-15
b4,Avoidance Bias,1,152,10.0,0.3292,10-15
b4,Avoidance Bias,1,5534,12.0,1.405,10-15
b4,Avoidance Bias,2,83,10.0,0.7502,10-15
b4,Avoidance Bias,2,159,16.0,0.2435,15-20
b4,Avoidance Bias,2,6138,15.0,-0.1878,10-15
b4,Avoidance Bias,2,4172,10.0,0.2102,10-15
b4,Avoidance Bias,2,3798,16.0,-2.212,15-20
b4,Avoidance Bias,2,5278,12.0,0.4581,10-15
b4,Avoidance Bias,2,5820,24.0,0.4697,20-25
b4,Avoidance Bias,2,4348,11.0,-0.1166,10-15
b4,Avoidance Bias,2,197,10.0,0.08096,10-15
b4,Avoidance Bias,2,3596,25.0,0.5059,20-25
b4,Avoidance Bias,2,1780,19.0,0.451,15-20
b4,Avoidance Bias,2,583,20.0,-0.64,15-20
b4,Avoidance Bias,2,5673,10.0,-0.03775,10-15
b4,Avoidance Bias,2,6215,22.0,-3.239,20-25
b4,Avoidance Bias,2,404,23.0,1.038,20-25
b4,Avoidance Bias,2,7308,10.0,-0.5338,10-15
b4,Avoidance Bias,2,2039,21.0,0.1804,20-25
b4,Avoidance Bias,2,2085,11.0,0.1017,10-15
b4,Avoidance Bias,2,5720,15.0,-0.277,10-15
b4,Avoidance Bias,2,7534,23.0,-0.0526,20-25
b4,Avoidance Bias,2,321,16.0,0.02783,15-20
b4,Avoidance Bias,2,4824,20.0,0.1358,15-20
b4,Avoidance Bias,2,4673,22.0,0.9605,20-25
b4,Avoidance Bias,2,5359,25.0,0.7641,20-25
b4,Avoidance Bias,2,3457,20.0,-1.162,15-20
b4,Avoidance Bias,2,2559,12.0,0.02623,10-15
b4,Avoidance Bias,2,223,26.0,0.9084,20-25
b4,Avoidance Bias,2,2791,22.0,-0.7541,20-25
b4,Avoidance Bias,2,1571,23.0,0.0005256,20-25
b4,Avoidance Bias,2,5496,10.0,0.4021,10-15
b4,Avoidance Bias,2,17,21.0,-0.192,20-25
b4,Avoidance Bias,2,6521,11.0,-0.1075,10-15
b4,Avoidance Bias,2,45,13.0,-0.431,10-15
b4,Avoidance Bias,2,78,12.0,-3.416,10-15
b4,Avoidance Bias,2,5247,17.0,0.5933,15-20
b4,Avoidance Bias,2,5732,14.0,-0.05263,10-15
b4,Avoidance Bias,2,7314,14.0,0.466,10-15
b4,Avoidance Bias,2,285,23.0,1.099,20-25
b4,Avoidance Bias,2,2402,13.0,1.069,10-15
b4,Avoidance Bias,2,4729,16.0,-0.4516,15-20
b4,Avoidance Bias,2,4727,16.0,1.577,15-20
b4,Avoidance Bias,2,138,23.0,0.5962,20-25
b4,Avoidance Bias,2,26,25.0,-0.5455,20-25
b4,Avoidance Bias,2,3268,25.0,-2.103,20-25
b4,Avoidance Bias,2,4582,11.0,-0.4668,10-15
b4,Avoidance Bias,2,461,15.0,0.7335,10-15
b4,Avoidance Bias,2,2715,15.0,1.247,10-15
b4,Avoidance Bias,2,174,23.0,-0.03483,20-25
b4,Avoidance Bias,2,4661,23.0,0.3721,20-25
b4,Avoidance Bias,2,429,16.0,0.4762,15-20
b4,Avoidance Bias,2,5855,12.0,-3.68,10-15
b4,Avoidance Bias,2,4314,21.0,1.419,20-25
b4,Avoidance Bias,2,5893,21.0,-0.03964,20-25
b4,Avoidance Bias,2,4533,23.0,-0.6271,20-25
b4,Avoidance Bias,2,293,20.0,0.3043,15-20
b4,Avoidance Bias,2,6631,12.0,-2.451,10-15
b4,Avoidance Bias,2,3790,16.0,-0.3782,15-20
b4,Avoidance Bias,2,5267,10.0,1.56,10-15
b4,Avoidance Bias,2,626,14.0,0.7717,10-15
b4,Avoidance Bias,2,3991,22.0,0.9726,20-25
b4,Avoidance Bias,2,3534,26.0,-2.945,20-25
b4,Avoidance Bias,2,3330,25.0,1.529,20-25
b4,Avoidance Bias,2,5314,21.0,0.3347,20-25
b4,Avoidance Bias,2,302,13.0,-4.242,10-15
b4,Avoidance Bias,2,4947,13.0,0.8474,10-15
b4,Avoidance Bias,2,210,11.0,0.944,10-15
b4,Avoidance Bias,2,228,14.0,0.6888,10-15
b4,Avoidance Bias,2,3456,14.0,-0.8194,10-15
b4,Avoidance Bias,2,4200,14.0,0.02298,10-15
b4,Avoidance Bias,2,240,13.0,0.351,10-15
b4,Avoidance Bias,2,6416,17.0,0.1961,15-20
b4,Avoidance Bias,2,7612,12.0,0.2495,10-15
b4,Avoidance Bias,2,1456,14.0,0.586,10-15
b4,Avoidance Bias,2,33,11.0,1.639,10-15
b4,Avoidance Bias,2,4004,17.0,0.5679,15-20
b4,Avoidance Bias,2,592,11.0,-2.7,10-15
b4,Avoidance Bias,2,7547,13.0,0.2963,10-15
b4,Avoidance Bias,2,6072,12.0,-0.4206,10-15
b4,Avoidance Bias,2,266,16.0,1.903,15-20
b4,Avoidance Bias,2,1981,13.0,0.07182,10-15
b4,Avoidance Bias,2,218,11.0,-0.3096,10-15
b4,Avoidance Bias,2,5963,11.0,0.7846,10-15
b4,Avoidance Bias,2,3632,21.0,0.01715,20-25
b4,Avoidance Bias,2,1843,14.0,0.5171,10-15
b4,Avoidance Bias,2,587,15.0,0.7822,10-15
b4,Avoidance Bias,2,3054,25.0,0.06313,20-25
b4,Avoidance Bias,2,75,17.0,0.2354,15-20
b4,Avoidance Bias,2,105,12.0,0.6163,10-15
b4,Avoidance Bias,2,5332,14.0,0.2571,10-15
b4,Avoidance Bias,2,63,10.0,0.1712,10-15
b4,Avoidance Bias,2,4173,13.0,0.7187,10-15
b4,Avoidance Bias,2,5286,12.0,-1.95,10-15
b4,Avoidance Bias,2,504,18.0,0.7634,15-20
b4,Avoidance Bias,2,5055,21.0,0.3136,20-25
b4,Avoidance Bias,2,2430,18.0,0.2744,15-20
b4,Avoidance Bias,2,3535,21.0,-0.217,20-25
b4,Avoidance Bias,2,3386,22.0,-0.4335,20-25
b4,Avoidance Bias,2,4459,19.0,0.1826,15-20
b4,Avoidance Bias,2,5136,12.0,-2.187,10-15
b4,Avoidance Bias,2,390,14.0,-0.1519,10-15
b4,Avoidance Bias,2,709,22.0,0.4595,20-25
b4,Avoidance Bias,2,506,15.0,-4.012,10-15
b4,Avoidance Bias,2,4924,16.0,0.3845,15-20
b4,Avoidance Bias,2,4439,11.0,0.4741,10-15
b4,Avoidance Bias,2,2915,15.0,0.07231,10-15
b4,Avoidance Bias,2,115,15.0,-0.3271,10-15
b4,Avoidance Bias,2,3206,18.0,-1.708,15-20
b4,Avoidance Bias,2,3193,13.0,-3.535,10-15
b4,Avoidance Bias,2,452,18.0,-0.258,15-20
b4,Avoidance Bias,2,2040,21.0,0.2258,20-25
b4,Avoidance Bias,2,6,20.0,0.02444,15-20
b4,Avoidance Bias,2,4486,18.0,-0.1539,15-20
b4,Avoidance Bias,2,1,19.0,-0.2887,15-20
b4,Avoidance Bias,2,360,18.0,0.1131,15-20
b4,Avoidance Bias,2,478,18.0,0.6421,15-20
b4,Avoidance Bias,2,198,18.0,1.01,15-20
b4,Avoidance Bias,2,217,18.0,0.0224,15-20
b4,Avoidance Bias,2,4934,11.0,0.6069,10-15
b4,Avoidance Bias,2,303,10.0,0.05394,10-15
b4,Avoidance Bias,2,2761,19.0,0.9091,15-20
b4,Avoidance Bias,2,410,10.0,-0.5389,10-15
b4,Avoidance Bias,2,3349,22.0,0.05819,20-25
b4,Avoidance Bias,2,200,22.0,-0.383,20-25
b4,Avoidance Bias,2,44,24.0,-0.1958,20-25
b4,Avoidance Bias,2,5152,11.0,-0.07485,10-15
b4,Avoidance Bias,2,5525,18.0,0.5722,15-20
b4,Avoidance Bias,2,551,15.0,0.3583,10-15
b4,Avoidance Bias,2,41,17.0,0.8297,15-20
b4,Avoidance Bias,2,3547,25.0,0.2943,20-25
b4,Avoidance Bias,2,76,23.0,-0.1238,20-25
b4,Avoidance Bias,2,2068,24.0,-0.6502,20-25
b4,Avoidance Bias,2,4868,21.0,-1.909,20-25
b4,Avoidance Bias,2,381,20.0,-0.4353,15-20
b4,Avoidance Bias,2,5231,22.0,-0.4168,20-25
b4,Avoidance Bias,2,758,18.0,0.6724,15-20
b4,Avoidance Bias,2,6380,24.0,0.2095,20-25
b4,Avoidance Bias,2,6125,22.0,0.251,20-25
b4,Avoidance Bias,2,3978,19.0,-0.05252,15-20
b4,Avoidance Bias,2,209,14.0,0.7693,10-15
b4,Avoidance Bias,2,270,17.0,-0.3078,15-20
b4,Avoidance Bias,2,5464,19.0,0.2597,15-20
b4,Avoidance Bias,2,5998,20.0,0.6526,15-20
b4,Avoidance Bias,2,2599,19.0,-0.1007,15-20
b4,Avoidance Bias,2,304,21.0,0.007763,20-25
b4,Avoidance Bias,2,406,18.0,0.4724,15-20
b4,Avoidance Bias,2,4771,17.0,0.6358,15-20
b4,Avoidance Bias,2,3880,19.0,1.811,15-20
b4,Avoidance Bias,2,595,24.0,0.7668,20-25
b4,Avoidance Bias,2,5139,22.0,0.1271,20-25
b4,Avoidance Bias,2,578,25.0,0.8266,20-25
b4,Avoidance Bias,2,6696,15.0,-0.7303,10-15
b4,Avoidance Bias,2,5323,19.0,0.2891,15-20
b4,Avoidance Bias,2,373,10.0,-3.205,10-15
b4,Avoidance Bias,2,152,10.0,-0.451,10-15
b4,Avoidance Bias,2,5534,12.0,-2.364,10-15
a1,Positive Learning Rate,1,83,10.0,0.1487,10-15
a1,Positive Learning Rate,1,159,16.0,0.486,15-20
a1,Positive Learning Rate,1,6138,15.0,0.275,10-15
a1,Positive Learning Rate,1,4172,10.0,0.1674,10-15
a1,Positive Learning Rate,1,3798,16.0,0.1448,15-20
a1,Positive Learning Rate,1,5278,12.0,0.2271,10-15
a1,Positive Learning Rate,1,5820,24.0,0.1805,20-25
a1,Positive Learning Rate,1,4348,11.0,0.1475,10-15
a1,Positive Learning Rate,1,197,10.0,0.2149,10-15
a1,Positive Learning Rate,1,3596,25.0,0.3755,20-25
a1,Positive Learning Rate,1,1780,19.0,0.1698,15-20
a1,Positive Learning Rate,1,583,20.0,0.1292,15-20
a1,Positive Learning Rate,1,5673,10.0,0.1001,10-15
a1,Positive Learning Rate,1,6215,22.0,0.09512,20-25
a1,Positive Learning Rate,1,404,23.0,0.1203,20-25
a1,Positive Learning Rate,1,7308,10.0,0.1447,10-15
a1,Positive Learning Rate,1,2039,21.0,0.2396,20-25
a1,Positive Learning Rate,1,2085,11.0,0.09471,10-15
a1,Positive Learning Rate,1,5720,15.0,0.08551,10-15
a1,Positive Learning Rate,1,7534,23.0,0.1245,20-25
a1,Positive Learning Rate,1,321,16.0,0.344,15-20
a1,Positive Learning Rate,1,4824,20.0,0.118,15-20
a1,Positive Learning Rate,1,4673,22.0,0.2818,20-25
a1,Positive Learning Rate,1,5359,25.0,0.3125,20-25
a1,Positive Learning Rate,1,3457,20.0,0.1202,15-20
a1,Positive Learning Rate,1,2559,12.0,0.117,10-15
a1,Positive Learning Rate,1,223,26.0,0.1038,20-25
a1,Positive Learning Rate,1,2791,22.0,0.06784,20-25
a1,Positive Learning Rate,1,1571,23.0,0.2459,20-25
a1,Positive Learning Rate,1,5496,10.0,0.1913,10-15
a1,Positive Learning Rate,1,17,21.0,0.1615,20-25
a1,Positive Learning Rate,1,6521,11.0,0.07341,10-15
a1,Positive Learning Rate,1,45,13.0,0.06471,10-15
a1,Positive Learning Rate,1,78,12.0,0.0831,10-15
a1,Positive Learning Rate,1,5247,17.0,0.4048,15-20
a1,Positive Learning Rate,1,5732,14.0,0.3002,10-15
a1,Positive Learning Rate,1,7314,14.0,0.1992,10-15
a1,Positive Learning Rate,1,285,23.0,0.2311,20-25
a1,Positive Learning Rate,1,2402,13.0,0.1783,10-15
a1,Positive Learning Rate,1,4729,16.0,0.08268,15-20
a1,Positive Learning Rate,1,4727,16.0,0.0842,15-20
a1,Positive Learning Rate,1,138,23.0,0.166,20-25
a1,Positive Learning Rate,1,26,25.0,0.1118,20-25
a1,Positive Learning Rate,1,3268,25.0,0.04582,20-25
a1,Positive Learning Rate,1,4582,11.0,0.1471,10-15
a1,Positive Learning Rate,1,461,15.0,0.1067,10-15
a1,Positive Learning Rate,1,2715,15.0,0.2642,10-15
a1,Positive Learning Rate,1,174,23.0,0.2177,20-25
a1,Positive Learning Rate,1,4661,23.0,0.06464,20-25
a1,Positive Learning Rate,1,429,16.0,0.05003,15-20
a1,Positive Learning Rate,1,5855,12.0,0.1103,10-15
a1,Positive Learning Rate,1,4314,21.0,0.08049,20-25
a1,Positive Learning Rate,1,5893,21.0,0.243,20-25
a1,Positive Learning Rate,1,4533,23.0,0.3005,20-25
a1,Positive Learning Rate,1,293,20.0,0.1279,15-20
a1,Positive Learning Rate,1,6631,12.0,0.04402,10-15
a1,Positive Learning Rate,1,3790,16.0,0.1379,15-20
a1,Positive Learning Rate,1,5267,10.0,0.1213,10-15
a1,Positive Learning Rate,1,626,14.0,0.4168,10-15
a1,Positive Learning Rate,1,3991,22.0,0.3672,20-25
a1,Positive Learning Rate,1,3534,26.0,0.2086,20-25
a1,Positive Learning Rate,1,3330,25.0,0.1591,20-25
a1,Positive Learning Rate,1,5314,21.0,0.1587,20-25
a1,Positive Learning Rate,1,302,13.0,0.07322,10-15
a1,Positive Learning Rate,1,4947,13.0,0.04752,10-15
a1,Positive Learning Rate,1,210,11.0,0.2035,10-15
a1,Positive Learning Rate,1,228,14.0,0.1079,10-15
a1,Positive Learning Rate,1,3456,14.0,0.04095,10-15
a1,Positive Learning Rate,1,4200,14.0,0.1626,10-15
a1,Positive Learning Rate,1,240,13.0,0.1166,10-15
a1,Positive Learning Rate,1,6416,17.0,0.1346,15-20
a1,Positive Learning Rate,1,7612,12.0,0.04161,10-15
a1,Positive Learning Rate,1,1456,14.0,0.03712,10-15
a1,Positive Learning Rate,1,33,11.0,0.3527,10-15
a1,Positive Learning Rate,1,4004,17.0,0.0585,15-20
a1,Positive Learning Rate,1,592,11.0,0.06058,10-15
a1,Positive Learning Rate,1,7547,13.0,0.05236,10-15
a1,Positive Learning Rate,1,6072,12.0,0.08519,10-15
a1,Positive Learning Rate,1,266,16.0,0.0613,15-20
a1,Positive Learning Rate,1,1981,13.0,0.1461,10-15
a1,Positive Learning Rate,1,218,11.0,0.08387,10-15
a1,Positive Learning Rate,1,5963,11.0,0.0815,10-15
a1,Positive Learning Rate,1,3632,21.0,0.0974,20-25
a1,Positive Learning Rate,1,1843,14.0,0.1237,10-15
a1,Positive Learning Rate,1,587,15.0,0.1605,10-15
a1,Positive Learning Rate,1,3054,25.0,0.1219,20-25
a1,Positive Learning Rate,1,75,17.0,0.08723,15-20
a1,Positive Learning Rate,1,105,12.0,0.2188,10-15
a1,Positive Learning Rate,1,5332,14.0,0.176,10-15
a1,Positive Learning Rate,1,63,10.0,0.07562,10-15
a1,Positive Learning Rate,1,4173,13.0,0.4062,10-15
a1,Positive Learning Rate,1,5286,12.0,0.1804,10-15
a1,Positive Learning Rate,1,504,18.0,0.1294,15-20
a1,Positive Learning Rate,1,5055,21.0,0.1375,20-25
a1,Positive Learning Rate,1,2430,18.0,0.1915,15-20
a1,Positive Learning Rate,1,3535,21.0,0.08708,20-25
a1,Positive Learning Rate,1,3386,22.0,0.05604,20-25
a1,Positive Learning Rate,1,4459,19.0,0.1393,15-20
a1,Positive Learning Rate,1,5136,12.0,0.08473,10-15
a1,Positive Learning Rate,1,390,14.0,0.165,10-15
a1,Positive Learning Rate,1,709,22.0,0.07418,20-25
a1,Positive Learning Rate,1,506,15.0,0.07798,10-15
a1,Positive Learning Rate,1,4924,16.0,0.1345,15-20
a1,Positive Learning Rate,1,4439,11.0,0.1149,10-15
a1,Positive Learning Rate,1,2915,15.0,0.1768,10-15
a1,Positive Learning Rate,1,115,15.0,0.09548,10-15
a1,Positive Learning Rate,1,3206,18.0,0.1167,15-20
a1,Positive Learning Rate,1,3193,13.0,0.06777,10-15
a1,Positive Learning Rate,1,452,18.0,0.08826,15-20
a1,Positive Learning Rate,1,2040,21.0,0.07786,20-25
a1,Positive Learning Rate,1,6,20.0,0.06985,15-20
a1,Positive Learning Rate,1,4486,18.0,0.1924,15-20
a1,Positive Learning Rate,1,1,19.0,0.1392,15-20
a1,Positive Learning Rate,1,360,18.0,0.1219,15-20
a1,Positive Learning Rate,1,478,18.0,0.1466,15-20
a1,Positive Learning Rate,1,198,18.0,0.1325,15-20
a1,Positive Learning Rate,1,217,18.0,0.08014,15-20
a1,Positive Learning Rate,1,4934,11.0,0.1028,10-15
a1,Positive Learning Rate,1,303,10.0,0.08266,10-15
a1,Positive Learning Rate,1,2761,19.0,0.2382,15-20
a1,Positive Learning Rate,1,410,10.0,0.1445,10-15
a1,Positive Learning Rate,1,3349,22.0,0.3321,20-25
a1,Positive Learning Rate,1,200,22.0,0.1804,20-25
a1,Positive Learning Rate,1,44,24.0,0.251,20-25
a1,Positive Learning Rate,1,5152,11.0,0.4423,10-15
a1,Positive Learning Rate,1,5525,18.0,0.2882,15-20
a1,Positive Learning Rate,1,551,15.0,0.1337,10-15
a1,Positive Learning Rate,1,41,17.0,0.1459,15-20
a1,Positive Learning Rate,1,3547,25.0,0.1361,20-25
a1,Positive Learning Rate,1,76,23.0,0.09141,20-25
a1,Positive Learning Rate,1,2068,24.0,0.05691,20-25
a1,Positive Learning Rate,1,4868,21.0,0.1108,20-25
a1,Positive Learning Rate,1,381,20.0,0.1449,15-20
a1,Positive Learning Rate,1,5231,22.0,0.03918,20-25
a1,Positive Learning Rate,1,758,18.0,0.1859,15-20
a1,Positive Learning Rate,1,6380,24.0,0.127,20-25
a1,Positive Learning Rate,1,6125,22.0,0.1669,20-25
a1,Positive Learning Rate,1,3978,19.0,0.1211,15-20
a1,Positive Learning Rate,1,209,14.0,0.06768,10-15
a1,Positive Learning Rate,1,270,17.0,0.1488,15-20
a1,Positive Learning Rate,1,5464,19.0,0.2644,15-20
a1,Positive Learning Rate,1,5998,20.0,0.1263,15-20
a1,Positive Learning Rate,1,2599,19.0,0.1603,15-20
a1,Positive Learning Rate,1,304,21.0,0.117,20-25
a1,Positive Learning Rate,1,406,18.0,0.146,15-20
a1,Positive Learning Rate,1,4771,17.0,0.3165,15-20
a1,Positive Learning Rate,1,3880,19.0,0.1178,15-20
a1,Positive Learning Rate,1,595,24.0,0.1476,20-25
a1,Positive Learning Rate,1,5139,22.0,0.09845,20-25
a1,Positive Learning Rate,1,578,25.0,0.1593,20-25
a1,Positive Learning Rate,1,6696,15.0,0.1363,10-15
a1,Positive Learning Rate,1,5323,19.0,0.1303,15-20
a1,Positive Learning Rate,1,373,10.0,0.08862,10-15
a1,Positive Learning Rate,1,152,10.0,0.07702,10-15
a1,Positive Learning Rate,1,5534,12.0,0.04866,10-15
a1,Positive Learning Rate,2,83,10.0,0.1619,10-15
a1,Positive Learning Rate,2,159,16.0,0.5236,15-20
a1,Positive Learning Rate,2,6138,15.0,0.265,10-15
a1,Positive Learning Rate,2,4172,10.0,0.2004,10-15
a1,Positive Learning Rate,2,3798,16.0,0.1141,15-20
a1,Positive Learning Rate,2,5278,12.0,0.2182,10-15
a1,Positive Learning Rate,2,5820,24.0,0.2037,20-25
a1,Positive Learning Rate,2,4348,11.0,0.2725,10-15
a1,Positive Learning Rate,2,197,10.0,0.2973,10-15
a1,Positive Learning Rate,2,3596,25.0,0.3814,20-25
a1,Positive Learning Rate,2,1780,19.0,0.1343,15-20
a1,Positive Learning Rate,2,583,20.0,0.1626,15-20
a1,Positive Learning Rate,2,5673,10.0,0.1209,10-15
a1,Positive Learning Rate,2,6215,22.0,0.09926,20-25
a1,Positive Learning Rate,2,404,23.0,0.1857,20-25
a1,Positive Learning Rate,2,7308,10.0,0.1644,10-15
a1,Positive Learning Rate,2,2039,21.0,0.2335,20-25
a1,Positive Learning Rate,2,2085,11.0,0.1249,10-15
a1,Positive Learning Rate,2,5720,15.0,0.08047,10-15
a1,Positive Learning Rate,2,7534,23.0,0.1553,20-25
a1,Positive Learning Rate,2,321,16.0,0.2845,15-20
a1,Positive Learning Rate,2,4824,20.0,0.1227,15-20
a1,Positive Learning Rate,2,4673,22.0,0.3355,20-25
a1,Positive Learning Rate,2,5359,25.0,0.2863,20-25
a1,Positive Learning Rate,2,3457,20.0,0.2103,15-20
a1,Positive Learning Rate,2,2559,12.0,0.145,10-15
a1,Positive Learning Rate,2,223,26.0,0.1211,20-25
a1,Positive Learning Rate,2,2791,22.0,0.06861,20-25
a1,Positive Learning Rate,2,1571,23.0,0.2483,20-25
a1,Positive Learning Rate,2,5496,10.0,0.2451,10-15
a1,Positive Learning Rate,2,17,21.0,0.1905,20-25
a1,Positive Learning Rate,2,6521,11.0,0.07435,10-15
a1,Positive Learning Rate,2,45,13.0,0.07102,10-15
a1,Positive Learning Rate,2,78,12.0,0.09072,10-15
a1,Positive Learning Rate,2,5247,17.0,0.4291,15-20
a1,Positive Learning Rate,2,5732,14.0,0.259,10-15
a1,Positive Learning Rate,2,7314,14.0,0.2028,10-15
a1,Positive Learning Rate,2,285,23.0,0.1989,20-25
a1,Positive Learning Rate,2,2402,13.0,0.2094,10-15
a1,Positive Learning Rate,2,4729,16.0,0.0902,15-20
a1,Positive Learning Rate,2,4727,16.0,0.09181,15-20
a1,Positive Learning Rate,2,138,23.0,0.1534,20-25
a1,Positive Learning Rate,2,26,25.0,0.1189,20-25
a1,Positive Learning Rate,2,3268,25.0,0.04841,20-25
a1,Positive Learning Rate,2,4582,11.0,0.1159,10-15
a1,Positive Learning Rate,2,461,15.0,0.113,10-15
a1,Positive Learning Rate,2,2715,15.0,0.3013,10-15
a1,Positive Learning Rate,2,174,23.0,0.2223,20-25
a1,Positive Learning Rate,2,4661,23.0,0.06246,20-25
a1,Positive Learning Rate,2,429,16.0,0.05242,15-20
a1,Positive Learning Rate,2,5855,12.0,0.1253,10-15
a1,Positive Learning Rate,2,4314,21.0,0.08387,20-25
a1,Positive Learning Rate,2,5893,21.0,0.2591,20-25
a1,Positive Learning Rate,2,4533,23.0,0.2269,20-25
a1,Positive Learning Rate,2,293,20.0,0.1587,15-20
a1,Positive Learning Rate,2,6631,12.0,0.04783,10-15
a1,Positive Learning Rate,2,3790,16.0,0.1413,15-20
a1,Positive Learning Rate,2,5267,10.0,0.1604,10-15
a1,Positive Learning Rate,2,626,14.0,0.4406,10-15
a1,Positive Learning Rate,2,3991,22.0,0.3511,20-25
a1,Positive Learning Rate,2,3534,26.0,0.1729,20-25
a1,Positive Learning Rate,2,3330,25.0,0.1766,20-25
a1,Positive Learning Rate,2,5314,21.0,0.1356,20-25
a1,Positive Learning Rate,2,302,13.0,0.06758,10-15
a1,Positive Learning Rate,2,4947,13.0,0.05252,10-15
a1,Positive Learning Rate,2,210,11.0,0.2745,10-15
a1,Positive Learning Rate,2,228,14.0,0.1109,10-15
a1,Positive Learning Rate,2,3456,14.0,0.04555,10-15
a1,Positive Learning Rate,2,4200,14.0,0.1969,10-15
a1,Positive Learning Rate,2,240,13.0,0.1677,10-15
a1,Positive Learning Rate,2,6416,17.0,0.1159,15-20
a1,Positive Learning Rate,2,7612,12.0,0.04606,10-15
a1,Positive Learning Rate,2,1456,14.0,0.04101,10-15
a1,Positive Learning Rate,2,33,11.0,0.349,10-15
a1,Positive Learning Rate,2,4004,17.0,0.06272,15-20
a1,Positive Learning Rate,2,592,11.0,0.06113,10-15
a1,Positive Learning Rate,2,7547,13.0,0.05672,10-15
a1,Positive Learning Rate,2,6072,12.0,0.09104,10-15
a1,Positive Learning Rate,2,266,16.0,0.0685,15-20
a1,Positive Learning Rate,2,1981,13.0,0.2196,10-15
a1,Positive Learning Rate,2,218,11.0,0.06585,10-15
a1,Positive Learning Rate,2,5963,11.0,0.1096,10-15
a1,Positive Learning Rate,2,3632,21.0,0.09996,20-25
a1,Positive Learning Rate,2,1843,14.0,0.1638,10-15
a1,Positive Learning Rate,2,587,15.0,0.1119,10-15
a1,Positive Learning Rate,2,3054,25.0,0.1177,20-25
a1,Positive Learning Rate,2,75,17.0,0.112,15-20
a1,Positive Learning Rate,2,105,12.0,0.2182,10-15
a1,Positive Learning Rate,2,5332,14.0,0.123,10-15
a1,Positive Learning Rate,2,63,10.0,0.1083,10-15
a1,Positive Learning Rate,2,4173,13.0,0.4213,10-15
a1,Positive Learning Rate,2,5286,12.0,0.1942,10-15
a1,Positive Learning Rate,2,504,18.0,0.1309,15-20
a1,Positive Learning Rate,2,5055,21.0,0.1757,20-25
a1,Positive Learning Rate,2,2430,18.0,0.161,15-20
a1,Positive Learning Rate,2,3535,21.0,0.09833,20-25
a1,Positive Learning Rate,2,3386,22.0,0.07489,20-25
a1,Positive Learning Rate,2,4459,19.0,0.1706,15-20
a1,Positive Learning Rate,2,5136,12.0,0.08394,10-15
a1,Positive Learning Rate,2,390,14.0,0.1689,10-15
a1,Positive Learning Rate,2,709,22.0,0.08377,20-25
a1,Positive Learning Rate,2,506,15.0,0.0852,10-15
a1,Positive Learning Rate,2,4924,16.0,0.12,15-20
a1,Positive Learning Rate,2,4439,11.0,0.1037,10-15
a1,Positive Learning Rate,2,2915,15.0,0.1636,10-15
a1,Positive Learning Rate,2,115,15.0,0.1039,10-15
a1,Positive Learning Rate,2,3206,18.0,0.1284,15-20
a1,Positive Learning Rate,2,3193,13.0,0.07525,10-15
a1,Positive Learning Rate,2,452,18.0,0.116,15-20
a1,Positive Learning Rate,2,2040,21.0,0.07819,20-25
a1,Positive Learning Rate,2,6,20.0,0.07545,15-20
a1,Positive Learning Rate,2,4486,18.0,0.1753,15-20
a1,Positive Learning Rate,2,1,19.0,0.1795,15-20
a1,Positive Learning Rate,2,360,18.0,0.1416,15-20
a1,Positive Learning Rate,2,478,18.0,0.1455,15-20
a1,Positive Learning Rate,2,198,18.0,0.1559,15-20
a1,Positive Learning Rate,2,217,18.0,0.1105,15-20
a1,Positive Learning Rate,2,4934,11.0,0.09239,10-15
a1,Positive Learning Rate,2,303,10.0,0.08984,10-15
a1,Positive Learning Rate,2,2761,19.0,0.2207,15-20
a1,Positive Learning Rate,2,410,10.0,0.1691,10-15
a1,Positive Learning Rate,2,3349,22.0,0.3169,20-25
a1,Positive Learning Rate,2,200,22.0,0.1639,20-25
a1,Positive Learning Rate,2,44,24.0,0.2552,20-25
a1,Positive Learning Rate,2,5152,11.0,0.4328,10-15
a1,Positive Learning Rate,2,5525,18.0,0.2797,15-20
a1,Positive Learning Rate,2,551,15.0,0.166,10-15
a1,Positive Learning Rate,2,41,17.0,0.151,15-20
a1,Positive Learning Rate,2,3547,25.0,0.1705,20-25
a1,Positive Learning Rate,2,76,23.0,0.1306,20-25
a1,Positive Learning Rate,2,2068,24.0,0.06118,20-25
a1,Positive Learning Rate,2,4868,21.0,0.1117,20-25
a1,Positive Learning Rate,2,381,20.0,0.1965,15-20
a1,Positive Learning Rate,2,5231,22.0,0.0448,20-25
a1,Positive Learning Rate,2,758,18.0,0.2519,15-20
a1,Positive Learning Rate,2,6380,24.0,0.1501,20-25
a1,Positive Learning Rate,2,6125,22.0,0.2388,20-25
a1,Positive Learning Rate,2,3978,19.0,0.1489,15-20
a1,Positive Learning Rate,2,209,14.0,0.1069,10-15
a1,Positive Learning Rate,2,270,17.0,0.129,15-20
a1,Positive Learning Rate,2,5464,19.0,0.3067,15-20
a1,Positive Learning Rate,2,5998,20.0,0.159,15-20
a1,Positive Learning Rate,2,2599,19.0,0.1388,15-20
a1,Positive Learning Rate,2,304,21.0,0.1446,20-25
a1,Positive Learning Rate,2,406,18.0,0.1645,15-20
a1,Positive Learning Rate,2,4771,17.0,0.3564,15-20
a1,Positive Learning Rate,2,3880,19.0,0.1467,15-20
a1,Positive Learning Rate,2,595,24.0,0.1533,20-25
a1,Positive Learning Rate,2,5139,22.0,0.06764,20-25
a1,Positive Learning Rate,2,578,25.0,0.2293,20-25
a1,Positive Learning Rate,2,6696,15.0,0.1589,10-15
a1,Positive Learning Rate,2,5323,19.0,0.1412,15-20
a1,Positive Learning Rate,2,373,10.0,0.08844,10-15
a1,Positive Learning Rate,2,152,10.0,0.09227,10-15
a1,Positive Learning Rate,2,5534,12.0,0.05042,10-15
a2,Negative Learning Rate,1,83,10.0,0.06946,10-15
a2,Negative Learning Rate,1,159,16.0,0.4124,15-20
a2,Negative Learning Rate,1,6138,15.0,0.07243,10-15
a2,Negative Learning Rate,1,4172,10.0,0.0901,10-15
a2,Negative Learning Rate,1,3798,16.0,0.1253,15-20
a2,Negative Learning Rate,1,5278,12.0,0.1964,10-15
a2,Negative Learning Rate,1,5820,24.0,0.1592,20-25
a2,Negative Learning Rate,1,4348,11.0,0.5035,10-15
a2,Negative Learning Rate,1,197,10.0,0.07075,10-15
a2,Negative Learning Rate,1,3596,25.0,0.0695,20-25
a2,Negative Learning Rate,1,1780,19.0,0.09457,15-20
a2,Negative Learning Rate,1,583,20.0,0.1478,15-20
a2,Negative Learning Rate,1,5673,10.0,0.1214,10-15
a2,Negative Learning Rate,1,6215,22.0,0.03259,20-25
a2,Negative Learning Rate,1,404,23.0,0.1213,20-25
a2,Negative Learning Rate,1,7308,10.0,0.1365,10-15
a2,Negative Learning Rate,1,2039,21.0,0.2342,20-25
a2,Negative Learning Rate,1,2085,11.0,0.1612,10-15
a2,Negative Learning Rate,1,5720,15.0,0.0358,10-15
a2,Negative Learning Rate,1,7534,23.0,0.1544,20-25
a2,Negative Learning Rate,1,321,16.0,0.1305,15-20
a2,Negative Learning Rate,1,4824,20.0,0.5977,15-20
a2,Negative Learning Rate,1,4673,22.0,0.2951,20-25
a2,Negative Learning Rate,1,5359,25.0,0.1144,20-25
a2,Negative Learning Rate,1,3457,20.0,0.4075,15-20
a2,Negative Learning Rate,1,2559,12.0,0.08999,10-15
a2,Negative Learning Rate,1,223,26.0,0.1761,20-25
a2,Negative Learning Rate,1,2791,22.0,0.08352,20-25
a2,Negative Learning Rate,1,1571,23.0,0.138,20-25
a2,Negative Learning Rate,1,5496,10.0,0.08396,10-15
a2,Negative Learning Rate,1,17,21.0,0.08003,20-25
a2,Negative Learning Rate,1,6521,11.0,0.07982,10-15
a2,Negative Learning Rate,1,45,13.0,0.07942,10-15
a2,Negative Learning Rate,1,78,12.0,0.0456,10-15
a2,Negative Learning Rate,1,5247,17.0,0.1107,15-20
a2,Negative Learning Rate,1,5732,14.0,0.1819,10-15
a2,Negative Learning Rate,1,7314,14.0,0.04338,10-15
a2,Negative Learning Rate,1,285,23.0,0.1927,20-25
a2,Negative Learning Rate,1,2402,13.0,0.1584,10-15
a2,Negative Learning Rate,1,4729,16.0,0.04696,15-20
a2,Negative Learning Rate,1,4727,16.0,0.3584,15-20
a2,Negative Learning Rate,1,138,23.0,0.03498,20-25
a2,Negative Learning Rate,1,26,25.0,0.09347,20-25
a2,Negative Learning Rate,1,3268,25.0,0.02258,20-25
a2,Negative Learning Rate,1,4582,11.0,0.1146,10-15
a2,Negative Learning Rate,1,461,15.0,0.04584,10-15
a2,Negative Learning Rate,1,2715,15.0,0.1636,10-15
a2,Negative Learning Rate,1,174,23.0,0.3776,20-25
a2,Negative Learning Rate,1,4661,23.0,0.05507,20-25
a2,Negative Learning Rate,1,429,16.0,0.07619,15-20
a2,Negative Learning Rate,1,5855,12.0,0.04492,10-15
a2,Negative Learning Rate,1,4314,21.0,0.05391,20-25
a2,Negative Learning Rate,1,5893,21.0,0.1585,20-25
a2,Negative Learning Rate,1,4533,23.0,0.1464,20-25
a2,Negative Learning Rate,1,293,20.0,0.102,15-20
a2,Negative Learning Rate,1,6631,12.0,0.02926,10-15
a2,Negative Learning Rate,1,3790,16.0,0.1025,15-20
a2,Negative Learning Rate,1,5267,10.0,0.126,10-15
a2,Negative Learning Rate,1,626,14.0,0.1496,10-15
a2,Negative Learning Rate,1,3991,22.0,0.1935,20-25
a2,Negative Learning Rate,1,3534,26.0,0.12,20-25
a2,Negative Learning Rate,1,3330,25.0,0.05196,20-25
a2,Negative Learning Rate,1,5314,21.0,0.07077,20-25
a2,Negative Learning Rate,1,302,13.0,0.04642,10-15
a2,Negative Learning Rate,1,4947,13.0,0.03466,10-15
a2,Negative Learning Rate,1,210,11.0,0.08691,10-15
a2,Negative Learning Rate,1,228,14.0,0.05879,10-15
a2,Negative Learning Rate,1,3456,14.0,0.03859,10-15
a2,Negative Learning Rate,1,4200,14.0,0.1017,10-15
a2,Negative Learning Rate,1,240,13.0,0.04943,10-15
a2,Negative Learning Rate,1,6416,17.0,0.3098,15-20
a2,Negative Learning Rate,1,7612,12.0,0.04113,10-15
a2,Negative Learning Rate,1,1456,14.0,0.02543,10-15
a2,Negative Learning Rate,1,33,11.0,0.1328,10-15
a2,Negative Learning Rate,1,4004,17.0,0.07723,15-20
a2,Negative Learning Rate,1,592,11.0,0.03883,10-15
a2,Negative Learning Rate,1,7547,13.0,0.02581,10-15
a2,Negative Learning Rate,1,6072,12.0,0.03762,10-15
a2,Negative Learning Rate,1,266,16.0,0.03444,15-20
a2,Negative Learning Rate,1,1981,13.0,0.06323,10-15
a2,Negative Learning Rate,1,218,11.0,0.06725,10-15
a2,Negative Learning Rate,1,5963,11.0,0.03693,10-15
a2,Negative Learning Rate,1,3632,21.0,0.06448,20-25
a2,Negative Learning Rate,1,1843,14.0,0.0876,10-15
a2,Negative Learning Rate,1,587,15.0,0.1667,10-15
a2,Negative Learning Rate,1,3054,25.0,0.1765,20-25
a2,Negative Learning Rate,1,75,17.0,0.1025,15-20
a2,Negative Learning Rate,1,105,12.0,0.05266,10-15
a2,Negative Learning Rate,1,5332,14.0,0.2066,10-15
a2,Negative Learning Rate,1,63,10.0,0.05889,10-15
a2,Negative Learning Rate,1,4173,13.0,0.1078,10-15
a2,Negative Learning Rate,1,5286,12.0,0.02725,10-15
a2,Negative Learning Rate,1,504,18.0,0.06534,15-20
a2,Negative Learning Rate,1,5055,21.0,0.1093,20-25
a2,Negative Learning Rate,1,2430,18.0,0.2115,15-20
a2,Negative Learning Rate,1,3535,21.0,0.06271,20-25
a2,Negative Learning Rate,1,3386,22.0,0.02184,20-25
a2,Negative Learning Rate,1,4459,19.0,0.2305,15-20
a2,Negative Learning Rate,1,5136,12.0,0.03402,10-15
a2,Negative Learning Rate,1,390,14.0,0.0979,10-15
a2,Negative Learning Rate,1,709,22.0,0.04085,20-25
a2,Negative Learning Rate,1,506,15.0,0.04771,10-15
a2,Negative Learning Rate,1,4924,16.0,0.1019,15-20
a2,Negative Learning Rate,1,4439,11.0,0.07768,10-15
a2,Negative Learning Rate,1,2915,15.0,0.3177,10-15
a2,Negative Learning Rate,1,115,15.0,0.5826,10-15
a2,Negative Learning Rate,1,3206,18.0,0.2235,15-20
a2,Negative Learning Rate,1,3193,13.0,0.02775,10-15
a2,Negative Learning Rate,1,452,18.0,0.081,15-20
a2,Negative Learning Rate,1,2040,21.0,0.07829,20-25
a2,Negative Learning Rate,1,6,20.0,0.3819,15-20
a2,Negative Learning Rate,1,4486,18.0,0.2637,15-20
a2,Negative Learning Rate,1,1,19.0,0.04597,15-20
a2,Negative Learning Rate,1,360,18.0,0.1849,15-20
a2,Negative Learning Rate,1,478,18.0,0.1212,15-20
a2,Negative Learning Rate,1,198,18.0,0.2236,15-20
a2,Negative Learning Rate,1,217,18.0,0.1079,15-20
a2,Negative Learning Rate,1,4934,11.0,0.1105,10-15
a2,Negative Learning Rate,1,303,10.0,0.4985,10-15
a2,Negative Learning Rate,1,2761,19.0,0.1276,15-20
a2,Negative Learning Rate,1,410,10.0,0.02455,10-15
a2,Negative Learning Rate,1,3349,22.0,0.1703,20-25
a2,Negative Learning Rate,1,200,22.0,0.2554,20-25
a2,Negative Learning Rate,1,44,24.0,0.137,20-25
a2,Negative Learning Rate,1,5152,11.0,0.06549,10-15
a2,Negative Learning Rate,1,5525,18.0,0.1748,15-20
a2,Negative Learning Rate,1,551,15.0,0.3816,10-15
a2,Negative Learning Rate,1,41,17.0,0.2686,15-20
a2,Negative Learning Rate,1,3547,25.0,0.05226,20-25
a2,Negative Learning Rate,1,76,23.0,0.04307,20-25
a2,Negative Learning Rate,1,2068,24.0,0.03413,20-25
a2,Negative Learning Rate,1,4868,21.0,0.04192,20-25
a2,Negative Learning Rate,1,381,20.0,0.1014,15-20
a2,Negative Learning Rate,1,5231,22.0,0.03835,20-25
a2,Negative Learning Rate,1,758,18.0,0.1222,15-20
a2,Negative Learning Rate,1,6380,24.0,0.1126,20-25
a2,Negative Learning Rate,1,6125,22.0,0.09806,20-25
a2,Negative Learning Rate,1,3978,19.0,0.169,15-20
a2,Negative Learning Rate,1,209,14.0,0.09441,10-15
a2,Negative Learning Rate,1,270,17.0,0.1049,15-20
a2,Negative Learning Rate,1,5464,19.0,0.1877,15-20
a2,Negative Learning Rate,1,5998,20.0,0.207,15-20
a2,Negative Learning Rate,1,2599,19.0,0.3577,15-20
a2,Negative Learning Rate,1,304,21.0,0.05808,20-25
a2,Negative Learning Rate,1,406,18.0,0.2274,15-20
a2,Negative Learning Rate,1,4771,17.0,0.1052,15-20
a2,Negative Learning Rate,1,3880,19.0,0.3157,15-20
a2,Negative Learning Rate,1,595,24.0,0.08766,20-25
a2,Negative Learning Rate,1,5139,22.0,0.152,20-25
a2,Negative Learning Rate,1,578,25.0,0.3205,20-25
a2,Negative Learning Rate,1,6696,15.0,0.06122,10-15
a2,Negative Learning Rate,1,5323,19.0,0.06792,15-20
a2,Negative Learning Rate,1,373,10.0,0.02212,10-15
a2,Negative Learning Rate,1,152,10.0,0.03582,10-15
a2,Negative Learning Rate,1,5534,12.0,0.05,10-15
a2,Negative Learning Rate,2,83,10.0,0.1584,10-15
a2,Negative Learning Rate,2,159,16.0,0.461,15-20
a2,Negative Learning Rate,2,6138,15.0,0.1115,10-15
a2,Negative Learning Rate,2,4172,10.0,0.1745,10-15
a2,Negative Learning Rate,2,3798,16.0,0.08294,15-20
a2,Negative Learning Rate,2,5278,12.0,0.1755,10-15
a2,Negative Learning Rate,2,5820,24.0,0.2254,20-25
a2,Negative Learning Rate,2,4348,11.0,0.5725,10-15
a2,Negative Learning Rate,2,197,10.0,0.1045,10-15
a2,Negative Learning Rate,2,3596,25.0,0.0762,20-25
a2,Negative Learning Rate,2,1780,19.0,0.1013,15-20
a2,Negative Learning Rate,2,583,20.0,0.1004,15-20
a2,Negative Learning Rate,2,5673,10.0,0.1754,10-15
a2,Negative Learning Rate,2,6215,22.0,0.04045,20-25
a2,Negative Learning Rate,2,404,23.0,0.1223,20-25
a2,Negative Learning Rate,2,7308,10.0,0.1503,10-15
a2,Negative Learning Rate,2,2039,21.0,0.2251,20-25
a2,Negative Learning Rate,2,2085,11.0,0.2244,10-15
a2,Negative Learning Rate,2,5720,15.0,0.04062,10-15
a2,Negative Learning Rate,2,7534,23.0,0.1779,20-25
a2,Negative Learning Rate,2,321,16.0,0.1056,15-20
a2,Negative Learning Rate,2,4824,20.0,0.6708,15-20
a2,Negative Learning Rate,2,4673,22.0,0.2636,20-25
a2,Negative Learning Rate,2,5359,25.0,0.08007,20-25
a2,Negative Learning Rate,2,3457,20.0,0.408,15-20
a2,Negative Learning Rate,2,2559,12.0,0.1635,10-15
a2,Negative Learning Rate,2,223,26.0,0.2086,20-25
a2,Negative Learning Rate,2,2791,22.0,0.07319,20-25
a2,Negative Learning Rate,2,1571,23.0,0.1996,20-25
a2,Negative Learning Rate,2,5496,10.0,0.1163,10-15
a2,Negative Learning Rate,2,17,21.0,0.1255,20-25
a2,Negative Learning Rate,2,6521,11.0,0.08996,10-15
a2,Negative Learning Rate,2,45,13.0,0.1278,10-15
a2,Negative Learning Rate,2,78,12.0,0.05933,10-15
a2,Negative Learning Rate,2,5247,17.0,0.1511,15-20
a2,Negative Learning Rate,2,5732,14.0,0.2451,10-15
a2,Negative Learning Rate,2,7314,14.0,0.04112,10-15
a2,Negative Learning Rate,2,285,23.0,0.1911,20-25
a2,Negative Learning Rate,2,2402,13.0,0.2261,10-15
a2,Negative Learning Rate,2,4729,16.0,0.05938,15-20
a2,Negative Learning Rate,2,4727,16.0,0.3821,15-20
a2,Negative Learning Rate,2,138,23.0,0.06547,20-25
a2,Negative Learning Rate,2,26,25.0,0.07504,20-25
a2,Negative Learning Rate,2,3268,25.0,0.02806,20-25
a2,Negative Learning Rate,2,4582,11.0,0.1125,10-15
a2,Negative Learning Rate,2,461,15.0,0.04492,10-15
a2,Negative Learning Rate,2,2715,15.0,0.1819,10-15
a2,Negative Learning Rate,2,174,23.0,0.4674,20-25
a2,Negative Learning Rate,2,4661,23.0,0.05644,20-25
a2,Negative Learning Rate,2,429,16.0,0.07027,15-20
a2,Negative Learning Rate,2,5855,12.0,0.05228,10-15
a2,Negative Learning Rate,2,4314,21.0,0.05101,20-25
a2,Negative Learning Rate,2,5893,21.0,0.1491,20-25
a2,Negative Learning Rate,2,4533,23.0,0.1201,20-25
a2,Negative Learning Rate,2,293,20.0,0.1582,15-20
a2,Negative Learning Rate,2,6631,12.0,0.03517,10-15
a2,Negative Learning Rate,2,3790,16.0,0.0925,15-20
a2,Negative Learning Rate,2,5267,10.0,0.1785,10-15
a2,Negative Learning Rate,2,626,14.0,0.1678,10-15
a2,Negative Learning Rate,2,3991,22.0,0.1919,20-25
a2,Negative Learning Rate,2,3534,26.0,0.09966,20-25
a2,Negative Learning Rate,2,3330,25.0,0.1092,20-25
a2,Negative Learning Rate,2,5314,21.0,0.06285,20-25
a2,Negative Learning Rate,2,302,13.0,0.05643,10-15
a2,Negative Learning Rate,2,4947,13.0,0.03572,10-15
a2,Negative Learning Rate,2,210,11.0,0.2051,10-15
a2,Negative Learning Rate,2,228,14.0,0.09405,10-15
a2,Negative Learning Rate,2,3456,14.0,0.03953,10-15
a2,Negative Learning Rate,2,4200,14.0,0.1065,10-15
a2,Negative Learning Rate,2,240,13.0,0.0526,10-15
a2,Negative Learning Rate,2,6416,17.0,0.2286,15-20
a2,Negative Learning Rate,2,7612,12.0,0.04826,10-15
a2,Negative Learning Rate,2,1456,14.0,0.03078,10-15
a2,Negative Learning Rate,2,33,11.0,0.171,10-15
a2,Negative Learning Rate,2,4004,17.0,0.1055,15-20
a2,Negative Learning Rate,2,592,11.0,0.04454,10-15
a2,Negative Learning Rate,2,7547,13.0,0.03041,10-15
a2,Negative Learning Rate,2,6072,12.0,0.06217,10-15
a2,Negative Learning Rate,2,266,16.0,0.04207,15-20
a2,Negative Learning Rate,2,1981,13.0,0.1028,10-15
a2,Negative Learning Rate,2,218,11.0,0.06791,10-15
a2,Negative Learning Rate,2,5963,11.0,0.06207,10-15
a2,Negative Learning Rate,2,3632,21.0,0.1276,20-25
a2,Negative Learning Rate,2,1843,14.0,0.1056,10-15
a2,Negative Learning Rate,2,587,15.0,0.1222,10-15
a2,Negative Learning Rate,2,3054,25.0,0.1609,20-25
a2,Negative Learning Rate,2,75,17.0,0.1296,15-20
a2,Negative Learning Rate,2,105,12.0,0.08348,10-15
a2,Negative Learning Rate,2,5332,14.0,0.1377,10-15
a2,Negative Learning Rate,2,63,10.0,0.0937,10-15
a2,Negative Learning Rate,2,4173,13.0,0.2235,10-15
a2,Negative Learning Rate,2,5286,12.0,0.03265,10-15
a2,Negative Learning Rate,2,504,18.0,0.1378,15-20
a2,Negative Learning Rate,2,5055,21.0,0.1532,20-25
a2,Negative Learning Rate,2,2430,18.0,0.2035,15-20
a2,Negative Learning Rate,2,3535,21.0,0.07891,20-25
a2,Negative Learning Rate,2,3386,22.0,0.02443,20-25
a2,Negative Learning Rate,2,4459,19.0,0.1789,15-20
a2,Negative Learning Rate,2,5136,12.0,0.03672,10-15
a2,Negative Learning Rate,2,390,14.0,0.1321,10-15
a2,Negative Learning Rate,2,709,22.0,0.08544,20-25
a2,Negative Learning Rate,2,506,15.0,0.05596,10-15
a2,Negative Learning Rate,2,4924,16.0,0.09171,15-20
a2,Negative Learning Rate,2,4439,11.0,0.08474,10-15
a2,Negative Learning Rate,2,2915,15.0,0.3278,10-15
a2,Negative Learning Rate,2,115,15.0,0.6325,10-15
a2,Negative Learning Rate,2,3206,18.0,0.2577,15-20
a2,Negative Learning Rate,2,3193,13.0,0.03553,10-15
a2,Negative Learning Rate,2,452,18.0,0.147,15-20
a2,Negative Learning Rate,2,2040,21.0,0.1196,20-25
a2,Negative Learning Rate,2,6,20.0,0.519,15-20
a2,Negative Learning Rate,2,4486,18.0,0.2636,15-20
a2,Negative Learning Rate,2,1,19.0,0.06236,15-20
a2,Negative Learning Rate,2,360,18.0,0.22,15-20
a2,Negative Learning Rate,2,478,18.0,0.1169,15-20
a2,Negative Learning Rate,2,198,18.0,0.321,15-20
a2,Negative Learning Rate,2,217,18.0,0.1441,15-20
a2,Negative Learning Rate,2,4934,11.0,0.1889,10-15
a2,Negative Learning Rate,2,303,10.0,0.4374,10-15
a2,Negative Learning Rate,2,2761,19.0,0.2292,15-20
a2,Negative Learning Rate,2,410,10.0,0.03103,10-15
a2,Negative Learning Rate,2,3349,22.0,0.1529,20-25
a2,Negative Learning Rate,2,200,22.0,0.2008,20-25
a2,Negative Learning Rate,2,44,24.0,0.1409,20-25
a2,Negative Learning Rate,2,5152,11.0,0.1079,10-15
a2,Negative Learning Rate,2,5525,18.0,0.2932,15-20
a2,Negative Learning Rate,2,551,15.0,0.3594,10-15
a2,Negative Learning Rate,2,41,17.0,0.2552,15-20
a2,Negative Learning Rate,2,3547,25.0,0.149,20-25
a2,Negative Learning Rate,2,76,23.0,0.1047,20-25
a2,Negative Learning Rate,2,2068,24.0,0.0406,20-25
a2,Negative Learning Rate,2,4868,21.0,0.0434,20-25
a2,Negative Learning Rate,2,381,20.0,0.1341,15-20
a2,Negative Learning Rate,2,5231,22.0,0.04461,20-25
a2,Negative Learning Rate,2,758,18.0,0.1651,15-20
a2,Negative Learning Rate,2,6380,24.0,0.1067,20-25
a2,Negative Learning Rate,2,6125,22.0,0.1611,20-25
a2,Negative Learning Rate,2,3978,19.0,0.2173,15-20
a2,Negative Learning Rate,2,209,14.0,0.1595,10-15
a2,Negative Learning Rate,2,270,17.0,0.1622,15-20
a2,Negative Learning Rate,2,5464,19.0,0.2026,15-20
a2,Negative Learning Rate,2,5998,20.0,0.2239,15-20
a2,Negative Learning Rate,2,2599,19.0,0.3466,15-20
a2,Negative Learning Rate,2,304,21.0,0.08272,20-25
a2,Negative Learning Rate,2,406,18.0,0.1984,15-20
a2,Negative Learning Rate,2,4771,17.0,0.09634,15-20
a2,Negative Learning Rate,2,3880,19.0,0.2995,15-20
a2,Negative Learning Rate,2,595,24.0,0.1783,20-25
a2,Negative Learning Rate,2,5139,22.0,0.09993,20-25
a2,Negative Learning Rate,2,578,25.0,0.2795,20-25
a2,Negative Learning Rate,2,6696,15.0,0.1437,10-15
a2,Negative Learning Rate,2,5323,19.0,0.0864,15-20
a2,Negative Learning Rate,2,373,10.0,0.03186,10-15
a2,Negative Learning Rate,2,152,10.0,0.03686,10-15
a2,Negative Learning Rate,2,5534,12.0,0.05193,10-15
