participant_ID,age,missed_rt_2,missed_rt_2_gt_5,missed_rt_2_gt_10,missed_rt_2_gt_20,short_rt_2,short_rt_2_gt_5,short_rt_2_gt_10,short_rt_2_gt_20
83,10,0,0,0,0,0,0,0,0
159,16,0,0,0,0,66,1,1,1
3795,23,31,1,1,1,5,0,0,0
6138,15,0,0,0,0,0,0,0,0
6010,16,0,0,0,0,0,0,0,0
4172,10,0,0,0,0,4,0,0,0
3798,16,0,0,0,0,56,1,1,1
1787,23,2,0,0,0,125,1,1,1
481,12,0,0,0,0,11,1,1,0
5820,24,0,0,0,0,0,0,0,0
4348,11,0,0,0,0,0,0,0,0
197,10,3,0,0,0,43,1,1,1
3596,25,2,0,0,0,9,1,0,0
4653,25,0,0,0,0,0,0,0,0
1780,19,0,0,0,0,0,0,0,0
583,20,0,0,0,0,9,1,0,0
5673,10,0,0,0,0,10,1,0,0
3264,11,6,1,0,0,12,1,1,0
588,20,1,0,0,0,1,0,0,0
6215,22,0,0,0,0,0,0,0,0
404,24,2,0,0,0,5,0,0,0
7308,10,0,0,0,0,41,1,1,1
2039,21,0,0,0,0,0,0,0,0
498,15,0,0,0,0,1,0,0,0
5720,15,0,0,0,0,2,0,0,0
523,21,0,0,0,0,1,0,0,0
7534,23,0,0,0,0,0,0,0,0
5002,12,1,0,0,0,10,1,0,0
321,16,0,0,0,0,7,1,0,0
502,23,0,0,0,0,0,0,0,0
4673,22,0,0,0,0,1,0,0,0
5359,25,0,0,0,0,2,0,0,0
3457,20,0,0,0,0,0,0,0,0
2559,12,1,0,0,0,21,1,1,1
2791,22,1,0,0,0,45,1,1,1
1571,23,0,0,0,0,0,0,0,0
5496,10,0,0,0,0,2,0,0,0
4204,16,0,0,0,0,1,0,0,0
2613,11,12,1,1,0,45,1,1,1
5322,11,5,0,0,0,12,1,1,0
17,21,0,0,0,0,2,0,0,0
45,13,2,0,0,0,2,0,0,0
78,12,7,1,0,0,19,1,1,0
5247,17,0,0,0,0,49,1,1,1
5732,14,0,0,0,0,0,0,0,0
3178,13,3,0,0,0,2,0,0,0
7314,14,1,0,0,0,48,1,1,1
441,23,0,0,0,0,14,1,1,0
285,23,0,0,0,0,2,0,0,0
1416,10,0,0,0,0,12,1,1,0
2402,13,0,0,0,0,0,0,0,0
426,24,2,0,0,0,20,1,1,0
4727,16,13,1,1,0,0,0,0,0
138,23,0,0,0,0,0,0,0,0
26,25,0,0,0,0,3,0,0,0
3268,25,14,1,1,0,2,0,0,0
6979,25,1,0,0,0,17,1,1,0
461,15,1,0,0,0,46,1,1,1
5574,24,0,0,0,0,0,0,0,0
174,23,0,0,0,0,0,0,0,0
338,10,7,1,0,0,79,1,1,1
4661,23,0,0,0,0,0,0,0,0
5465,10,0,0,0,0,0,0,0,0
6592,19,0,0,0,0,1,0,0,0
429,16,56,1,1,1,2,0,0,0
28,14,0,0,0,0,17,1,1,0
5855,12,0,0,0,0,68,1,1,1
3527,10,28,1,1,1,63,1,1,1
5893,21,0,0,0,0,0,0,0,0
4533,23,0,0,0,0,2,0,0,0
102,10,4,0,0,0,12,1,1,0
293,20,1,0,0,0,9,1,0,0
312,10,0,0,0,0,1,0,0,0
3790,16,0,0,0,0,0,0,0,0
187,15,13,1,1,0,2,0,0,0
1847,10,0,0,0,0,23,1,1,1
2291,11,0,0,0,0,0,0,0,0
804,22,0,0,0,0,3,0,0,0
3428,23,0,0,0,0,0,0,0,0
626,14,0,0,0,0,1,0,0,0
3991,22,0,0,0,0,115,1,1,1
388,20,0,0,0,0,10,1,0,0
487,24,0,0,0,0,0,0,0,0
7625,23,0,0,0,0,36,1,1,1
3330,25,0,0,0,0,0,0,0,0
5314,21,1,0,0,0,1,0,0,0
1624,14,15,1,1,0,83,1,1,1
302,13,1,0,0,0,0,0,0,0
7671,13,0,0,0,0,97,1,1,1
4947,13,7,1,0,0,11,1,1,0
210,11,0,0,0,0,3,0,0,0
228,14,1,0,0,0,0,0,0,0
3456,14,0,0,0,0,2,0,0,0
4200,14,0,0,0,0,5,0,0,0
240,13,2,0,0,0,48,1,1,1
6416,17,0,0,0,0,1,0,0,0
531,15,4,0,0,0,0,0,0,0
7612,12,17,1,1,0,2,0,0,0
1456,14,2,0,0,0,51,1,1,1
33,11,0,0,0,0,13,1,1,0
4004,17,77,1,1,1,3,0,0,0
5985,16,0,0,0,0,1,0,0,0
3413,12,7,1,0,0,10,1,0,0
592,11,8,1,0,0,5,0,0,0
236,10,1,0,0,0,13,1,1,0
7547,13,2,0,0,0,7,1,0,0
6072,12,7,1,0,0,50,1,1,1
266,16,0,0,0,0,42,1,1,1
1981,13,1,0,0,0,1,0,0,0
218,11,2,0,0,0,9,1,0,0
5963,11,22,1,1,1,11,1,1,0
3632,21,1,0,0,0,2,0,0,0
1982,10,11,1,1,0,62,1,1,1
1843,14,0,0,0,0,99,1,1,1
587,15,0,0,0,0,0,0,0,0
3054,25,0,0,0,0,0,0,0,0
1045,16,2,0,0,0,0,0,0,0
267,20,0,0,0,0,4,0,0,0
75,17,0,0,0,0,0,0,0,0
5910,11,2,0,0,0,0,0,0,0
3165,15,0,0,0,0,5,0,0,0
105,12,0,0,0,0,0,0,0,0
5332,14,0,0,0,0,17,1,1,0
63,10,3,0,0,0,17,1,1,0
4173,13,0,0,0,0,1,0,0,0
5286,12,13,1,1,0,72,1,1,1
504,18,1,0,0,0,6,1,0,0
5055,21,1,0,0,0,12,1,1,0
2430,18,0,0,0,0,4,0,0,0
3535,21,1,0,0,0,1,0,0,0
3386,22,1,0,0,0,29,1,1,1
4459,19,0,0,0,0,5,0,0,0
1597,15,0,0,0,0,0,0,0,0
3943,11,1,0,0,0,1,0,0,0
6199,21,0,0,0,0,3,0,0,0
5419,12,1,0,0,0,40,1,1,1
3372,22,0,0,0,0,0,0,0,0
390,14,4,0,0,0,13,1,1,0
3785,13,2,0,0,0,0,0,0,0
4666,25,7,1,0,0,5,0,0,0
709,22,1,0,0,0,1,0,0,0
3252,13,0,0,0,0,0,0,0,0
4924,16,0,0,0,0,2,0,0,0
4439,11,5,0,0,0,3,0,0,0
115,15,1,0,0,0,4,0,0,0
3206,18,0,0,0,0,0,0,0,0
3193,13,0,0,0,0,0,0,0,0
7927,12,0,0,0,0,28,1,1,1
3367,25,0,0,0,0,0,0,0,0
452,18,0,0,0,0,3,0,0,0
5302,14,2,0,0,0,1,0,0,0
2040,21,0,0,0,0,3,0,0,0
483,18,0,0,0,0,0,0,0,0
6,20,1,0,0,0,42,1,1,1
6505,14,0,0,0,0,0,0,0,0
4486,18,0,0,0,0,0,0,0,0
120,18,1,0,0,0,1,0,0,0
1,19,0,0,0,0,33,1,1,1
360,18,0,0,0,0,0,0,0,0
478,18,1,0,0,0,1,0,0,0
198,18,0,0,0,0,0,0,0,0
217,18,0,0,0,0,1,0,0,0
4934,11,3,0,0,0,16,1,1,0
303,10,0,0,0,0,0,0,0,0
206,14,0,0,0,0,4,0,0,0
5031,18,10,1,0,0,16,1,1,0
2761,19,0,0,0,0,1,0,0,0
410,10,1,0,0,0,48,1,1,1
694,13,1,0,0,0,38,1,1,1
288,10,0,0,0,0,0,0,0,0
4294,18,0,0,0,0,0,0,0,0
3830,24,7,1,0,0,3,0,0,0
140,24,3,0,0,0,0,0,0,0
200,22,0,0,0,0,1,0,0,0
44,24,0,0,0,0,7,1,0,0
35,24,0,0,0,0,2,0,0,0
5152,11,0,0,0,0,3,0,0,0
5525,18,1,0,0,0,0,0,0,0
4997,18,1,0,0,0,6,1,0,0
551,15,0,0,0,0,0,0,0,0
41,17,0,0,0,0,1,0,0,0
3547,25,0,0,0,0,0,0,0,0
2068,24,0,0,0,0,16,1,1,0
4868,21,1,0,0,0,13,1,1,0
381,20,2,0,0,0,0,0,0,0
5231,22,0,0,0,0,0,0,0,0
758,18,0,0,0,0,0,0,0,0
6380,24,0,0,0,0,0,0,0,0
6125,22,0,0,0,0,11,1,1,0
3978,19,0,0,0,0,0,0,0,0
5464,19,0,0,0,0,0,0,0,0
5998,21,0,0,0,0,4,0,0,0
2599,19,0,0,0,0,0,0,0,0
304,21,1,0,0,0,0,0,0,0
406,18,0,0,0,0,0,0,0,0
4771,17,2,0,0,0,1,0,0,0
3880,19,0,0,0,0,1,0,0,0
6250,24,0,0,0,0,6,1,0,0
595,24,0,0,0,0,12,1,1,0
389,24,0,0,0,0,3,0,0,0
559,11,1,0,0,0,6,1,0,0
132,20,0,0,0,0,38,1,1,1
5139,22,0,0,0,0,1,0,0,0
578,25,0,0,0,0,0,0,0,0
519,25,0,0,0,0,0,0,0,0
6696,15,0,0,0,0,0,0,0,0
5323,19,0,0,0,0,1,0,0,0
4580,17,0,0,0,0,13,1,1,0
152,10,3,0,0,0,11,1,1,0
4329,12,2,0,0,0,3,0,0,0
6205,15,0,0,0,0,3,0,0,0
5534,12,3,0,0,0,2,0,0,0
2809,17,3,0,0,0,0,0,0,0
351,15,0,0,0,0,4,0,0,0
141,10,0,0,0,0,0,0,0,0
5056,10,0,0,0,0,119,1,1,1
4683,15,2,0,0,0,0,0,0,0
2815,18,3,0,0,0,28,1,1,1
301,12,0,0,0,0,0,0,0,0
543,11,0,0,0,0,7,1,0,0
194,16,1,0,0,0,1,0,0,0
346,16,0,0,0,0,21,1,1,1
6573,13,0,0,0,0,3,0,0,0
4872,11,1,0,0,0,5,0,0,0
7676,11,0,0,0,0,0,0,0,0
9,10,3,0,0,0,7,1,0,0
1801,20,0,0,0,0,0,0,0,0
5712,21,1,0,0,0,0,0,0,0
4987,19,0,0,0,0,7,1,0,0
6040,11,2,0,0,0,76,1,1,1
79,13,0,0,0,0,0,0,0,0
4667,19,5,0,0,0,7,1,0,0
214,22,0,0,0,0,1,0,0,0
584,24,1,0,0,0,2,0,0,0
6353,22,0,0,0,0,63,1,1,1
3237,25,1,0,0,0,121,1,1,1
4448,24,1,0,0,0,4,0,0,0
256,18,1,0,0,0,3,0,0,0
5242,20,0,0,0,0,42,1,1,1
3455,24,0,0,0,0,73,1,1,1
408,20,1,0,0,0,0,0,0,0
4572,25,0,0,0,0,5,0,0,0
30,16,3,0,0,0,4,0,0,0
4362,18,0,0,0,0,107,1,1,1
4461,12,0,0,0,0,1,0,0,0
4538,11,6,1,0,0,11,1,1,0
594,20,1,0,0,0,0,0,0,0
2225,25,0,0,0,0,0,0,0,0
569,25,2,0,0,0,2,0,0,0
3912,18,1,0,0,0,4,0,0,0
5038,19,0,0,0,0,0,0,0,0
4586,11,0,0,0,0,18,1,1,0
4192,12,0,0,0,0,0,0,0,0
2282,12,68,1,1,1,19,1,1,0
535,25,3,0,0,0,5,0,0,0
6733,13,0,0,0,0,0,0,0,0
7136,23,0,0,0,0,0,0,0,0
5743,21,7,1,0,0,23,1,1,1
4191,12,2,0,0,0,12,1,1,0
5023,13,1,0,0,0,1,0,0,0
4079,13,0,0,0,0,0,0,0,0
453,16,1,0,0,0,2,0,0,0
529,23,0,0,0,0,0,0,0,0
225,18,4,0,0,0,24,1,1,1
5701,15,1,0,0,0,0,0,0,0
6936,14,0,0,0,0,2,0,0,0
5783,18,0,0,0,0,0,0,0,0
8,18,1,0,0,0,0,0,0,0
4539,12,10,1,0,0,80,1,1,1
5794,19,0,0,0,0,2,0,0,0
565,19,0,0,0,0,0,0,0,0
462,20,0,0,0,0,1,0,0,0
5523,20,0,0,0,0,59,1,1,1
3550,21,0,0,0,0,0,0,0,0
490,24,0,0,0,0,21,1,1,1
3526,23,0,0,0,0,0,0,0,0
466,18,0,0,0,0,23,1,1,1
322,13,1,0,0,0,1,0,0,0
20,21,18,1,1,0,27,1,1,1
237,24,1,0,0,0,8,1,0,0
358,21,0,0,0,0,0,0,0,0
396,21,0,0,0,0,0,0,0,0
446,19,0,0,0,0,0,0,0,0
4860,14,2,0,0,0,1,0,0,0
6087,14,0,0,0,0,4,0,0,0
522,21,0,0,0,0,0,0,0,0
5522,21,0,0,0,0,0,0,0,0
4634,20,0,0,0,0,0,0,0,0
4370,22,0,0,0,0,9,1,0,0
6852,10,0,0,0,0,1,0,0,0
420,25,0,0,0,0,2,0,0,0
1225,10,0,0,0,0,4,0,0,0
2082,21,1,0,0,0,0,0,0,0
6533,13,1,0,0,0,17,1,1,0
2125,18,1,0,0,0,0,0,0,0
201,20,0,0,0,0,1,0,0,0
4939,10,0,0,0,0,20,1,1,0
113,14,10,1,0,0,22,1,1,1
254,17,0,0,0,0,13,1,1,0
313,19,0,0,0,0,0,0,0,0
81,23,1,0,0,0,1,0,0,0
117,25,3,0,0,0,8,1,0,0
879,19,0,0,0,0,0,0,0,0
454,20,0,0,0,0,0,0,0,0
4078,24,0,0,0,0,0,0,0,0
2957,20,0,0,0,0,2,0,0,0
249,22,0,0,0,0,19,1,1,0
243,12,8,1,0,0,1,0,0,0
259,16,0,0,0,0,1,0,0,0
3563,12,0,0,0,0,3,0,0,0
3784,19,0,0,0,0,6,1,0,0
4557,21,0,0,0,0,18,1,1,0
251,22,0,0,0,0,0,0,0,0
828,12,0,0,0,0,0,0,0,0
5452,22,0,0,0,0,0,0,0,0
4577,21,0,0,0,0,5,0,0,0
577,13,0,0,0,0,0,0,0,0
3045,20,2,0,0,0,1,0,0,0
4010,21,0,0,0,0,0,0,0,0
3254,13,5,0,0,0,30,1,1,1
5716,23,0,0,0,0,1,0,0,0
1189,19,1,0,0,0,0,0,0,0
158,22,1,0,0,0,1,0,0,0
5357,19,0,0,0,0,0,0,0,0
6666,23,0,0,0,0,0,0,0,0
40,14,0,0,0,0,0,0,0,0
207,11,2,0,0,0,0,0,0,0
5281,25,0,0,0,0,1,0,0,0
5914,16,2,0,0,0,0,0,0,0
1190,21,1,0,0,0,14,1,1,0
3992,23,1,0,0,0,0,0,0,0
5469,24,0,0,0,0,154,1,1,1
281,13,27,1,1,1,4,0,0,0
448,14,0,0,0,0,0,0,0,0
1932,13,0,0,0,0,2,0,0,0
416,18,2,0,0,0,0,0,0,0
4930,15,0,0,0,0,8,1,0,0
3975,12,1,0,0,0,1,0,0,0
431,23,1,0,0,0,2,0,0,0
5715,14,0,0,0,0,0,0,0,0
4710,22,0,0,0,0,3,0,0,0
2303,25,0,0,0,0,38,1,1,1
