ID,num_trials,num_stage1_RT_lt150ms,per_stage1_RT_lt150ms,num_stage1_RT_gt2000ms,per_stage1_RT_gt2000ms,num_stage2_RT_lt150ms,per_stage2_RT_lt150ms,num_stage2_RT_gt2000ms,per_stage2_RT_gt2000ms,num_stage1_RT_sloworfast,per_stage1_RT_sloworfast,num_stage2_RT_sloworfast,per_stage2_RT_sloworfast,num_stay_rew_comm,per_stay_rew_common,num_stay_rew_rare,per_stay_rew_rare,num_stay_unrew_comm,per_stay_unrew_common,num_stay_unrew_rare,per_stay_unrew_rare,prob_worse_random_corr,num_trials_common_rew_V1,num_trials_rare_rew_V1,num_trials_common_unrew_V1,num_trials_rare_unrew_V1,exclude_crit1,exclude_crit2,exclude_crit3,exclude_crit4
4004,113,7,0.0619469026548673,0,0,3,0.0265486725663717,2,0.0176991150442478,7,0.0619469026548673,5,0.0442477876106195,43,1,15,1,38,1,17,1,1,43,15,38,17,0,0,0,0
75,187,26,0.13903743315508,0,0,0,0,1,0.0053475935828877,26,0.13903743315508,1,0.0053475935828877,66,1,34,1,65,1,22,1,1,66,34,65,22,0,0,0,0
6505,190,0,0,0,0,0,0,0,0,0,0,0,0,71,1,12,0.521739130434783,32,0.444444444444444,22,0.916666666666667,1,71,23,72,24,0,0,0,0
4486,190,5,0.0263157894736842,0,0,0,0,0,0,5,0.0263157894736842,0,0,69,1,39,0.951219512195122,44,0.88,25,0.833333333333333,1,69,41,50,30,0,0,0,0
228,187,0,0,4,0.0213903743315508,0,0,2,0.0106951871657754,4,0.0213903743315508,2,0.0106951871657754,68,1,36,1,62,1,21,1,1,68,36,62,21,0,0,0,0
1,188,113,0.601063829787234,1,0.00531914893617021,33,0.175531914893617,1,0.00531914893617021,114,0.606382978723404,34,0.180851063829787,70,1,24,1,65,1,29,1,1,70,24,65,29,1,1,0,1
4824,190,21,0.110526315789474,1,0.00526315789473684,0,0,1,0.00526315789473684,22,0.115789473684211,1,0.00526315789473684,67,1,35,1,57,0.904761904761905,22,0.88,1,67,35,63,25,0,0,0,0
3785,187,1,0.0053475935828877,5,0.0267379679144385,0,0,7,0.0374331550802139,6,0.0320855614973262,7,0.0374331550802139,43,0.682539682539683,16,0.571428571428571,42,0.617647058823529,18,0.642857142857143,0.998886234244506,63,28,68,28,0,0,0,0
3456,186,25,0.134408602150538,0,0,2,0.010752688172043,0,0,25,0.134408602150538,2,0.010752688172043,81,1,30,1,46,1,29,1,1,81,30,46,29,0,0,0,0
5314,187,15,0.0802139037433155,3,0.0160427807486631,1,0.0053475935828877,5,0.0267379679144385,18,0.0962566844919786,6,0.0320855614973262,71,1,29,1,59,1,28,1,1,71,29,59,28,0,0,0,0
4173,189,24,0.126984126984127,1,0.00529100529100529,1,0.00529100529100529,0,0,25,0.132275132275132,1,0.00529100529100529,65,1,22,1,62,1,40,1,1,65,22,62,40,0,0,0,0
5286,167,82,0.491017964071856,4,0.0239520958083832,64,0.383233532934132,4,0.0239520958083832,86,0.514970059880239,68,0.407185628742515,58,1,28,1,63,1,18,1,1,58,28,63,18,1,1,0,1
3632,187,11,0.0588235294117647,1,0.0053475935828877,1,0.0053475935828877,1,0.0053475935828877,12,0.0641711229946524,2,0.0106951871657754,79,1,32,1,59,1,17,1,1,79,32,59,17,0,0,0,0
3790,190,0,0,0,0,0,0,1,0.00526315789473684,0,0,1,0.00526315789473684,57,0.982758620689655,35,0.945945945945946,47,0.691176470588235,23,0.851851851851852,1,58,37,68,27,0,0,0,0
120,189,4,0.0211640211640212,0,0,0,0,1,0.00529100529100529,4,0.0211640211640212,1,0.00529100529100529,59,1,36,1,73,1,21,1,1,59,36,73,21,0,0,0,0
26,190,18,0.0947368421052632,2,0.0105263157894737,3,0.0157894736842105,1,0.00526315789473684,20,0.105263157894737,4,0.0210526315789474,62,0.939393939393939,22,0.916666666666667,42,0.591549295774648,22,0.758620689655172,0.999999999999999,66,24,71,29,0,0,0,0
5055,185,64,0.345945945945946,0,0,12,0.0648648648648649,3,0.0162162162162162,64,0.345945945945946,15,0.0810810810810811,63,1,29,1,69,1,24,1,1,63,29,69,24,1,1,0,1
7612,167,1,0.00598802395209581,9,0.0538922155688623,2,0.0119760479041916,12,0.0718562874251497,10,0.0598802395209581,14,0.0838323353293413,60,1,33,1,62,1,12,1,1,60,33,62,12,0,0,0,0
3206,186,3,0.0161290322580645,0,0,0,0,0,0,3,0.0161290322580645,0,0,69,1,37,1,59,1,21,1,1,69,37,59,21,0,0,0,0
3054,190,0,0,0,0,0,0,3,0.0157894736842105,0,0,3,0.0157894736842105,84,1,16,0.695652173913043,29,0.557692307692308,31,1,1,84,23,52,31,0,0,0,0
390,177,13,0.0734463276836158,5,0.0282485875706215,13,0.0734463276836158,6,0.0338983050847458,18,0.101694915254237,19,0.107344632768362,76,1,34,1,43,1,24,1,1,76,34,43,24,0,0,0,0
3193,190,1,0.00526315789473684,0,0,0,0,0,0,1,0.00526315789473684,0,0,64,0.96969696969697,28,0.903225806451613,47,0.723076923076923,20,0.714285714285714,1,66,31,65,28,0,0,0,0
3386,183,50,0.273224043715847,7,0.0382513661202186,29,0.158469945355191,13,0.0710382513661202,57,0.311475409836066,42,0.229508196721311,63,1,20,1,61,1,39,1,1,63,20,61,39,1,0,0,0
210,187,27,0.144385026737968,1,0.0053475935828877,2,0.0106951871657754,1,0.0053475935828877,28,0.149732620320856,3,0.0160427807486631,74,1,32,1,59,1,22,1,1,74,32,59,22,0,0,0,0
5031,171,23,0.134502923976608,8,0.0467836257309941,15,0.087719298245614,3,0.0175438596491228,31,0.181286549707602,18,0.105263157894737,61,1,27,1,56,1,27,1,1,61,27,56,27,0,0,0,0
4947,176,16,0.0909090909090909,8,0.0454545454545455,9,0.0511363636363636,10,0.0568181818181818,24,0.136363636363636,19,0.107954545454545,59,1,29,1,63,1,25,1,1,59,29,63,25,0,0,0,0
6416,189,23,0.121693121693122,2,0.0105820105820106,1,0.00529100529100529,0,0,25,0.132275132275132,1,0.00529100529100529,72,1,30,1,62,1,25,1,1,72,30,62,25,0,0,0,0
293,186,30,0.161290322580645,8,0.043010752688172,8,0.043010752688172,2,0.010752688172043,38,0.204301075268817,10,0.0537634408602151,67,1,31,1,60,1,28,1,1,67,31,60,28,1,0,0,0
5720,190,13,0.068421052631579,0,0,2,0.0105263157894737,0,0,13,0.068421052631579,2,0.0105263157894737,64,0.96969696969697,34,0.971428571428571,41,0.694915254237288,25,0.833333333333333,1,66,35,59,30,0,0,0,0
4294,188,13,0.0691489361702128,1,0.00531914893617021,0,0,0,0,14,0.074468085106383,0,0,67,1,29,1,56,1,36,1,1,67,29,56,36,0,0,0,0
240,180,61,0.338888888888889,3,0.0166666666666667,47,0.261111111111111,2,0.0111111111111111,64,0.355555555555556,49,0.272222222222222,69,1,28,1,53,1,30,1,1,69,28,53,30,1,1,0,1
138,190,0,0,0,0,0,0,0,0,0,0,0,0,84,0.976744186046512,20,0.833333333333333,47,0.770491803278688,12,0.631578947368421,1,86,24,61,19,0,0,0,0
5419,185,63,0.340540540540541,2,0.0108108108108108,40,0.216216216216216,4,0.0216216216216216,65,0.351351351351351,44,0.237837837837838,69,1,31,1,52,1,33,1,1,69,31,52,33,1,1,0,1
4200,188,77,0.409574468085106,0,0,5,0.0265957446808511,0,0,77,0.409574468085106,5,0.0265957446808511,74,1,27,1,61,1,26,1,1,74,27,61,26,1,1,0,1
429,131,0,0,2,0.0152671755725191,1,0.00763358778625954,2,0.0152671755725191,2,0.0152671755725191,3,0.0229007633587786,41,1,25,1,53,1,12,1,1,41,25,53,12,0,0,0,0
6,187,52,0.27807486631016,0,0,41,0.219251336898396,2,0.0106951871657754,52,0.27807486631016,43,0.229946524064171,48,1,31,1,80,1,28,1,1,48,31,80,28,1,0,0,0
288,189,3,0.0158730158730159,1,0.00529100529100529,0,0,0,0,4,0.0211640211640212,0,0,56,1,29,1,73,1,31,1,1,56,29,73,31,0,0,0,0
6117,187,3,0.0160427807486631,4,0.0213903743315508,0,0,4,0.0213903743315508,7,0.0374331550802139,4,0.0213903743315508,88,1,24,1,56,1,19,1,1,88,24,56,19,0,0,0,0
2791,189,118,0.624338624338624,0,0,44,0.232804232804233,1,0.00529100529100529,118,0.624338624338624,45,0.238095238095238,61,0.897058823529412,22,0.814814814814815,47,0.691176470588235,17,0.653846153846154,0.999999999999591,68,27,68,26,1,1,0,1
6072,181,76,0.419889502762431,3,0.0165745856353591,49,0.270718232044199,9,0.0497237569060773,79,0.43646408839779,58,0.320441988950276,66,1,30,1,56,1,29,1,1,66,30,56,29,1,1,0,1
105,190,0,0,1,0.00526315789473684,0,0,1,0.00526315789473684,1,0.00526315789473684,1,0.00526315789473684,52,0.852459016393443,20,0.689655172413793,44,0.586666666666667,16,0.64,0.999999998506779,61,29,75,25,0,0,0,0
410,181,35,0.193370165745856,4,0.0220994475138122,47,0.259668508287293,4,0.0220994475138122,39,0.215469613259669,51,0.281767955801105,61,1,35,1,63,1,22,1,1,61,35,63,22,1,1,0,1
303,189,4,0.0211640211640212,2,0.0105820105820106,0,0,0,0,6,0.0317460317460317,0,0,65,1,31,1,58,1,35,1,1,65,31,58,35,0,0,0,0
3535,189,2,0.0105820105820106,1,0.00529100529100529,1,0.00529100529100529,2,0.0105820105820106,3,0.0158730158730159,3,0.0158730158730159,37,0.627118644067797,16,0.592592592592593,42,0.6,23,0.696969696969697,0.981828410021473,59,27,70,33,0,0,0,0
7547,186,24,0.129032258064516,2,0.010752688172043,7,0.0376344086021505,4,0.021505376344086,26,0.139784946236559,11,0.0591397849462366,60,1,29,1,65,1,32,1,1,60,29,65,32,0,0,0,0
7308,183,40,0.218579234972678,0,0,37,0.202185792349727,1,0.00546448087431694,40,0.218579234972678,38,0.207650273224044,74,1,23,1,59,1,27,1,1,74,23,59,27,1,0,0,0
4661,189,9,0.0476190476190476,0,0,0,0,0,0,9,0.0476190476190476,0,0,63,1,29,1,66,1,31,1,1,63,29,66,31,0,0,0,0
1981,188,1,0.00531914893617021,2,0.0106382978723404,0,0,0,0,3,0.0159574468085106,0,0,67,1,27,1,54,1,40,1,1,67,27,54,40,0,0,0,0
587,190,3,0.0157894736842105,0,0,0,0,0,0,3,0.0157894736842105,0,0,75,1,38,0.95,36,0.692307692307692,22,0.956521739130435,1,75,40,52,23,0,0,0,0
4924,189,14,0.0740740740740741,1,0.00529100529100529,2,0.0105820105820106,0,0,15,0.0793650793650794,2,0.0105820105820106,69,1,31,1,61,1,28,1,1,69,31,61,28,0,0,0,0
481,182,34,0.186813186813187,1,0.00549450549450549,9,0.0494505494505494,0,0,35,0.192307692307692,9,0.0494505494505494,62,1,25,1,62,1,33,1,1,62,25,62,33,0,0,0,0
1843,187,90,0.481283422459893,1,0.0053475935828877,99,0.529411764705882,0,0,91,0.486631016042781,99,0.529411764705882,67,1,31,1,63,1,26,1,1,67,31,63,26,1,1,0,1
4582,189,25,0.132275132275132,0,0,2,0.0105820105820106,0,0,25,0.132275132275132,2,0.0105820105820106,69,1,37,1,57,1,26,1,1,69,37,57,26,0,0,0,0
4934,186,32,0.172043010752688,2,0.010752688172043,16,0.0860215053763441,4,0.021505376344086,34,0.182795698924731,20,0.10752688172043,77,1,25,1,62,1,22,1,1,77,25,62,22,0,0,0,0
4727,173,1,0.00578034682080925,4,0.023121387283237,0,0,3,0.0173410404624277,5,0.0289017341040462,3,0.0173410404624277,59,1,26,1,74,1,14,1,1,59,26,74,14,0,0,0,0
4459,188,59,0.313829787234043,0,0,5,0.0265957446808511,0,0,59,0.313829787234043,5,0.0265957446808511,86,1,24,1,47,1,31,1,1,86,24,47,31,1,0,0,0
626,189,18,0.0952380952380952,0,0,1,0.00529100529100529,0,0,18,0.0952380952380952,1,0.00529100529100529,63,1,28,1,72,1,26,1,1,63,28,72,26,0,0,0,0
2085,189,3,0.0158730158730159,1,0.00529100529100529,0,0,2,0.0105820105820106,4,0.0211640211640212,2,0.0105820105820106,84,1,24,1,56,1,25,1,1,84,24,56,25,0,0,0,0
266,188,57,0.303191489361702,0,0,42,0.223404255319149,1,0.00531914893617021,57,0.303191489361702,43,0.228723404255319,68,1,29,1,60,1,31,1,1,68,29,60,31,1,0,0,0
198,190,0,0,0,0,0,0,0,0,0,0,0,0,66,0.970588235294118,22,0.814814814814815,48,0.716417910447761,25,0.892857142857143,1,68,27,67,28,0,0,0,0
3330,189,2,0.0105820105820106,0,0,0,0,2,0.0105820105820106,2,0.0105820105820106,2,0.0105820105820106,77,1,29,1,54,1,29,1,1,77,29,54,29,0,0,0,0
2761,190,38,0.2,0,0,1,0.00526315789473684,1,0.00526315789473684,38,0.2,2,0.0105263157894737,82,0.987951807228916,25,0.806451612903226,40,0.727272727272727,20,0.952380952380952,1,83,31,55,21,0,0,0,0
5673,189,22,0.116402116402116,1,0.00529100529100529,10,0.0529100529100529,3,0.0158730158730159,23,0.121693121693122,13,0.0687830687830688,63,1,30,1,61,1,35,1,1,63,30,61,35,0,0,0,0
140,187,2,0.0106951871657754,5,0.0267379679144385,0,0,5,0.0267379679144385,7,0.0374331550802139,5,0.0267379679144385,74,1,32,1,54,1,27,1,1,74,32,54,27,0,0,0,0
33,189,21,0.111111111111111,3,0.0158730158730159,13,0.0687830687830688,1,0.00529100529100529,24,0.126984126984127,14,0.0740740740740741,76,1,25,1,59,1,29,1,1,76,25,59,29,0,0,0,0
1456,181,66,0.364640883977901,6,0.0331491712707182,51,0.281767955801105,3,0.0165745856353591,72,0.397790055248619,54,0.298342541436464,58,1,30,1,63,1,30,1,1,58,30,63,30,1,1,0,1
5910,187,2,0.0106951871657754,0,0,0,0,2,0.0106951871657754,2,0.0106951871657754,2,0.0106951871657754,66,1,34,1,63,1,24,1,1,66,34,63,24,0,0,0,0
531,181,18,0.0994475138121547,6,0.0331491712707182,0,0,6,0.0331491712707182,24,0.132596685082873,6,0.0331491712707182,68,1,27,1,54,1,32,1,1,68,27,54,32,0,0,0,0
758,190,7,0.0368421052631579,0,0,0,0,0,0,7,0.0368421052631579,0,0,78,0.962962962962963,24,0.75,36,0.692307692307692,22,0.88,1,81,32,52,25,0,0,0,0
187,173,8,0.046242774566474,5,0.0289017341040462,2,0.0115606936416185,10,0.0578034682080925,13,0.0751445086705202,12,0.069364161849711,54,1,26,1,67,1,26,1,1,54,26,67,26,0,0,0,0
478,188,11,0.0585106382978723,1,0.00531914893617021,1,0.00531914893617021,0,0,12,0.0638297872340425,1,0.00531914893617021,65,1,27,1,70,1,26,1,1,65,27,70,26,0,0,0,0
2039,190,2,0.0105263157894737,0,0,0,0,0,0,2,0.0105263157894737,0,0,69,1,28,0.933333333333333,41,0.719298245614035,28,0.823529411764706,1,69,30,57,34,0,0,0,0
5855,187,67,0.358288770053476,1,0.0053475935828877,66,0.352941176470588,0,0,68,0.363636363636364,66,0.352941176470588,75,1,21,1,52,1,39,1,1,75,21,52,39,1,1,0,1
2040,190,22,0.115789473684211,0,0,3,0.0157894736842105,0,0,22,0.115789473684211,3,0.0157894736842105,62,0.898550724637681,24,0.827586206896552,29,0.408450704225352,16,0.761904761904762,0.999999999999776,69,29,71,21,0,0,0,0
2068,189,18,0.0952380952380952,3,0.0158730158730159,16,0.0846560846560847,2,0.0105820105820106,21,0.111111111111111,18,0.0952380952380952,45,0.849056603773585,34,0.894736842105263,47,0.652777777777778,18,0.692307692307692,0.999999979984019,53,38,72,26,0,0,0,0
3268,161,10,0.062111801242236,6,0.0372670807453416,2,0.0124223602484472,21,0.130434782608696,16,0.0993788819875776,23,0.142857142857143,47,1,29,1,60,1,25,1,1,47,29,60,25,0,0,0,0
3527,141,55,0.390070921985816,5,0.0354609929078014,58,0.411347517730496,10,0.0709219858156028,60,0.425531914893617,68,0.482269503546099,43,1,25,1,48,1,25,1,1,43,25,48,25,1,1,0,1
1416,190,21,0.110526315789474,0,0,12,0.0631578947368421,1,0.00526315789473684,21,0.110526315789474,13,0.068421052631579,61,0.772151898734177,17,0.708333333333333,36,0.620689655172414,19,0.655172413793103,0.999999820582056,79,24,58,29,0,0,0,0
3798,190,73,0.384210526315789,0,0,55,0.289473684210526,1,0.00526315789473684,73,0.384210526315789,56,0.294736842105263,63,0.954545454545455,31,1,66,0.956521739130435,21,0.875,1,66,31,69,24,1,1,0,1
338,176,70,0.397727272727273,2,0.0113636363636364,76,0.431818181818182,1,0.00568181818181818,72,0.409090909090909,77,0.4375,66,1,33,1,59,1,18,1,1,66,33,59,18,1,1,0,1
1571,190,15,0.0789473684210526,0,0,0,0,0,0,15,0.0789473684210526,0,0,76,0.926829268292683,21,0.954545454545455,46,0.938775510204082,31,0.837837837837838,1,82,22,49,37,0,0,0,0
5464,190,1,0.00526315789473684,1,0.00526315789473684,0,0,0,0,2,0.0105263157894737,0,0,47,0.618421052631579,16,0.695652173913043,34,0.53968253968254,14,0.5,0.985686672245631,76,23,63,28,0,0,0,0
406,190,0,0,1,0.00526315789473684,0,0,1,0.00526315789473684,1,0.00526315789473684,1,0.00526315789473684,47,0.635135135135135,20,0.526315789473684,28,0.549019607843137,17,0.62962962962963,0.992960009285235,74,38,51,27,0,0,0,0
5496,186,25,0.134408602150538,0,0,2,0.010752688172043,0,0,25,0.134408602150538,2,0.010752688172043,68,1,28,1,68,1,22,1,1,68,28,68,22,0,0,0,0
461,185,98,0.52972972972973,0,0,46,0.248648648648649,0,0,98,0.52972972972973,46,0.248648648648649,72,1,31,1,60,1,22,1,1,72,31,60,22,1,1,0,1
132,190,69,0.363157894736842,0,0,37,0.194736842105263,0,0,69,0.363157894736842,37,0.194736842105263,54,0.931034482758621,28,0.823529411764706,56,0.756756756756757,19,0.791666666666667,0.999999999999887,58,34,74,24,1,1,0,1
578,190,1,0.00526315789473684,0,0,0,0,0,0,1,0.00526315789473684,0,0,69,0.971830985915493,29,0.90625,46,0.676470588235294,16,0.842105263157895,1,71,32,68,19,0,0,0,0
592,176,14,0.0795454545454545,0,0,5,0.0284090909090909,3,0.0170454545454545,14,0.0795454545454545,8,0.0454545454545455,54,1,34,1,64,1,24,1,1,54,34,64,24,0,0,0,0
4348,190,11,0.0578947368421053,0,0,0,0,2,0.0105263157894737,11,0.0578947368421053,2,0.0105263157894737,56,0.8,29,0.828571428571429,41,0.706896551724138,21,0.777777777777778,0.999999948550293,70,35,58,27,0,0,0,0
5525,188,1,0.00531914893617021,0,0,0,0,1,0.00531914893617021,1,0.00531914893617021,1,0.00531914893617021,76,1,27,1,63,1,22,1,1,76,27,63,22,0,0,0,0
2599,190,13,0.068421052631579,0,0,0,0,1,0.00526315789473684,13,0.068421052631579,1,0.00526315789473684,71,0.972602739726027,10,0.344827586206897,26,0.433333333333333,25,0.892857142857143,1,73,29,60,28,0,0,0,0
5732,190,1,0.00526315789473684,0,0,0,0,0,0,1,0.00526315789473684,0,0,86,1,31,1,38,0.808510638297872,26,1,1,86,31,47,26,0,0,0,0
302,188,1,0.00531914893617021,3,0.0159574468085106,0,0,4,0.0212765957446809,4,0.0212765957446809,4,0.0212765957446809,67,1,35,1,64,1,22,1,1,67,35,64,22,0,0,0,0
3978,190,8,0.0421052631578947,0,0,0,0,0,0,8,0.0421052631578947,0,0,56,0.888888888888889,30,0.833333333333333,34,0.53125,18,0.666666666666667,0.999999999991802,63,36,64,27,0,0,0,0
2613,167,40,0.239520958083832,10,0.0598802395209581,42,0.251497005988024,6,0.0359281437125748,50,0.29940119760479,48,0.287425149700599,52,1,29,1,66,1,20,1,1,52,29,66,20,1,1,0,1
5322,184,40,0.217391304347826,0,0,12,0.0652173913043478,1,0.00543478260869565,40,0.217391304347826,13,0.0706521739130435,61,1,34,1,54,1,35,1,1,61,34,54,35,1,0,0,0
217,189,11,0.0582010582010582,0,0,1,0.00529100529100529,2,0.0105820105820106,11,0.0582010582010582,3,0.0158730158730159,76,0.938271604938272,22,0.785714285714286,34,0.666666666666667,29,1,1,81,28,51,29,0,0,0,0
4172,178,8,0.0449438202247191,4,0.0224719101123595,3,0.0168539325842697,3,0.0168539325842697,12,0.0674157303370786,6,0.0337078651685393,61,1,43,1,53,1,21,1,1,61,43,53,21,0,0,0,0
5247,186,81,0.435483870967742,0,0,47,0.252688172043011,1,0.00537634408602151,81,0.435483870967742,48,0.258064516129032,65,1,26,1,57,1,38,1,1,65,26,57,38,1,1,0,1
41,189,43,0.227513227513228,0,0,1,0.00529100529100529,0,0,43,0.227513227513228,1,0.00529100529100529,69,1,38,1,60,1,22,1,1,69,38,60,22,1,0,0,0
5820,190,1,0.00526315789473684,0,0,0,0,0,0,1,0.00526315789473684,0,0,72,1,26,0.838709677419355,46,0.793103448275862,29,1,1,72,31,58,29,0,0,0,0
78,176,46,0.261363636363636,0,0,17,0.0965909090909091,0,0,46,0.261363636363636,17,0.0965909090909091,72,1,23,1,51,1,30,1,1,72,23,51,30,1,0,0,0
452,190,29,0.152631578947368,1,0.00526315789473684,3,0.0157894736842105,1,0.00526315789473684,30,0.157894736842105,4,0.0210526315789474,56,0.949152542372881,24,0.774193548387097,51,0.68,17,0.68,0.999999999999997,59,31,75,25,0,0,0,0
2559,189,35,0.185185185185185,0,0,21,0.111111111111111,0,0,35,0.185185185185185,21,0.111111111111111,87,1,23,1,50,1,29,1,1,87,23,50,29,0,0,0,0
5139,190,10,0.0526315789473684,0,0,1,0.00526315789473684,0,0,10,0.0526315789473684,1,0.00526315789473684,55,0.705128205128205,26,0.928571428571429,45,0.803571428571429,21,0.75,0.999925259230638,78,28,56,28,0,0,0,0
45,188,22,0.117021276595745,0,0,2,0.0106382978723404,0,0,22,0.117021276595745,2,0.0106382978723404,59,0.967213114754098,27,0.964285714285714,31,0.5,17,0.459459459459459,1,61,28,62,37,0,0,0,0
159,189,65,0.343915343915344,1,0.00529100529100529,66,0.349206349206349,0,0,66,0.349206349206349,66,0.349206349206349,74,0.986666666666667,25,0.961538461538462,54,0.9,27,0.964285714285714,1,75,26,60,28,1,1,0,1
4439,178,5,0.0280898876404494,3,0.0168539325842697,2,0.0112359550561798,4,0.0224719101123595,8,0.0449438202247191,6,0.0337078651685393,65,1,27,1,62,1,24,1,1,65,27,62,24,0,0,0,0
5231,189,5,0.0264550264550265,0,0,0,0,1,0.00529100529100529,5,0.0264550264550265,1,0.00529100529100529,60,0.789473684210526,23,0.676470588235294,48,0.905660377358491,19,0.730769230769231,0.999999950785763,76,34,53,26,0,0,0,0
6215,190,0,0,0,0,0,0,0,0,0,0,0,0,30,0.491803278688525,19,0.542857142857143,42,0.6,12,0.5,0.5,61,35,70,24,0,0,0,0
4204,189,2,0.0105820105820106,1,0.00529100529100529,1,0.00529100529100529,0,0,3,0.0158730158730159,1,0.00529100529100529,61,1,28,1,74,1,26,1,1,61,28,74,26,0,0,0,0
3457,190,1,0.00526315789473684,0,0,0,0,1,0.00526315789473684,1,0.00526315789473684,1,0.00526315789473684,74,0.973684210526316,22,0.814814814814815,36,0.679245283018868,32,0.941176470588235,1,76,27,53,34,0,0,0,0
381,187,4,0.0213903743315508,2,0.0106951871657754,0,0,2,0.0106951871657754,6,0.0320855614973262,2,0.0106951871657754,70,1,28,1,60,1,29,1,1,70,28,60,29,0,0,0,0
6125,188,42,0.223404255319149,5,0.0265957446808511,10,0.0531914893617021,1,0.00531914893617021,47,0.25,11,0.0585106382978723,84,1,25,1,56,1,23,1,1,84,25,56,23,1,0,0,0
115,189,16,0.0846560846560847,2,0.0105820105820106,4,0.0211640211640212,2,0.0105820105820106,18,0.0952380952380952,6,0.0317460317460317,69,0.971830985915493,29,0.966666666666667,56,0.835820895522388,20,0.952380952380952,1,71,30,67,21,0,0,0,0
4533,190,27,0.142105263157895,0,0,2,0.0105263157894737,0,0,27,0.142105263157895,2,0.0105263157894737,72,0.986301369863014,30,0.967741935483871,48,0.813559322033898,27,1,1,73,31,59,27,0,0,0,0
5963,154,9,0.0584415584415584,8,0.051948051948052,7,0.0454545454545455,7,0.0454545454545455,17,0.11038961038961,14,0.0909090909090909,59,1,25,1,47,1,23,1,1,59,25,47,23,0,0,0,0
17,188,22,0.117021276595745,1,0.00531914893617021,2,0.0106382978723404,0,0,23,0.122340425531915,2,0.0106382978723404,80,1,18,1,61,1,29,1,1,80,18,61,29,0,0,0,0
3880,189,16,0.0846560846560847,0,0,1,0.00529100529100529,0,0,16,0.0846560846560847,1,0.00529100529100529,53,1,33,1,68,1,35,1,1,53,33,68,35,0,0,0,0
360,187,4,0.0213903743315508,0,0,0,0,2,0.0106951871657754,4,0.0213903743315508,2,0.0106951871657754,74,1,21,1,61,1,31,1,1,74,21,61,31,0,0,0,0
3991,189,128,0.677248677248677,0,0,114,0.603174603174603,0,0,128,0.677248677248677,114,0.603174603174603,78,1,22,1,55,1,34,1,1,78,22,55,34,1,1,0,1
3547,189,5,0.0264550264550265,0,0,0,0,2,0.0105820105820106,5,0.0264550264550265,2,0.0105820105820106,67,1,18,1,70,1,34,1,1,67,18,70,34,0,0,0,0
3252,189,22,0.116402116402116,1,0.00529100529100529,0,0,11,0.0582010582010582,23,0.121693121693122,11,0.0582010582010582,67,1,23,1,66,1,33,1,1,67,23,66,33,0,0,0,0
5152,190,27,0.142105263157895,3,0.0157894736842105,3,0.0157894736842105,1,0.00526315789473684,30,0.157894736842105,4,0.0210526315789474,65,0.866666666666667,30,0.810810810810811,31,0.563636363636364,16,0.695652173913043,0.999999999996171,75,37,55,23,0,0,0,0
3830,180,16,0.0888888888888889,2,0.0111111111111111,3,0.0166666666666667,10,0.0555555555555556,18,0.1,13,0.0722222222222222,78,1,21,1,59,1,22,1,1,78,21,59,22,0,0,0,0
5998,189,22,0.116402116402116,2,0.0105820105820106,4,0.0211640211640212,0,0,24,0.126984126984127,4,0.0211640211640212,74,1,22,1,65,1,28,1,1,74,22,65,28,0,0,0,0
152,184,13,0.0706521739130435,5,0.0271739130434783,10,0.0543478260869565,3,0.016304347826087,18,0.0978260869565217,13,0.0706521739130435,76,1,27,1,47,1,34,1,1,76,27,47,34,0,0,0,0
2402,190,3,0.0157894736842105,0,0,0,0,0,0,3,0.0157894736842105,0,0,65,0.984848484848485,18,0.6,39,0.619047619047619,27,0.870967741935484,1,66,30,63,31,0,0,0,0
6696,190,21,0.110526315789474,0,0,0,0,0,0,21,0.110526315789474,0,0,76,0.987012987012987,36,0.9,50,0.961538461538462,19,0.904761904761905,1,77,40,52,21,0,0,0,0
304,189,4,0.0211640211640212,2,0.0105820105820106,0,0,5,0.0264550264550265,6,0.0317460317460317,5,0.0264550264550265,66,1,25,1,75,1,23,1,1,66,25,75,23,0,0,0,0
4868,184,12,0.0652173913043478,11,0.0597826086956522,13,0.0706521739130435,12,0.0652173913043478,23,0.125,25,0.135869565217391,65,1,30,1,57,1,32,1,1,65,30,57,32,0,0,0,0
595,190,19,0.1,0,0,12,0.0631578947368421,1,0.00526315789473684,19,0.1,13,0.068421052631579,58,0.950819672131147,35,0.897435897435897,42,0.7,29,0.966666666666667,0.999999999999999,61,39,60,30,0,0,0,0
2430,190,37,0.194736842105263,0,0,4,0.0210526315789474,0,0,37,0.194736842105263,4,0.0210526315789474,65,0.855263157894737,22,0.916666666666667,42,0.65625,22,0.846153846153846,0.9999999999852,76,24,64,26,0,0,0,0
389,187,12,0.0641711229946524,6,0.0320855614973262,3,0.0160427807486631,5,0.0267379679144385,18,0.0962566844919786,8,0.0427807486631016,82,1,20,1,58,1,27,1,1,82,20,58,27,0,0,0,0
4771,181,17,0.0939226519337017,7,0.0386740331491713,0,0,4,0.0220994475138122,24,0.132596685082873,4,0.0220994475138122,66,1,27,1,60,1,28,1,1,66,27,60,28,0,0,0,0
4673,189,28,0.148148148148148,1,0.00529100529100529,1,0.00529100529100529,0,0,29,0.153439153439153,1,0.00529100529100529,75,1,28,1,59,1,27,1,1,75,28,59,27,0,0,0,0
218,184,8,0.0434782608695652,4,0.0217391304347826,8,0.0434782608695652,3,0.016304347826087,12,0.0652173913043478,11,0.0597826086956522,80,1,19,1,57,1,28,1,1,80,19,57,28,0,0,0,0
174,190,6,0.0315789473684211,1,0.00526315789473684,0,0,1,0.00526315789473684,7,0.0368421052631579,1,0.00526315789473684,66,1,32,0.96969696969697,57,0.890625,25,0.925925925925926,1,66,33,64,27,0,0,0,0
200,189,18,0.0952380952380952,3,0.0158730158730159,1,0.00529100529100529,10,0.0529100529100529,21,0.111111111111111,11,0.0582010582010582,81,0.975903614457831,23,0.884615384615385,42,0.84,29,0.966666666666667,1,83,26,50,30,0,0,0,0
63,183,15,0.0819672131147541,0,0,16,0.087431693989071,0,0,15,0.0819672131147541,16,0.087431693989071,53,1,34,1,71,1,25,1,1,53,34,71,25,0,0,0,0
4329,186,3,0.0161290322580645,7,0.0376344086021505,3,0.0161290322580645,6,0.032258064516129,10,0.0537634408602151,9,0.0483870967741935,70,1,31,1,56,1,29,1,1,70,31,56,29,0,0,0,0
5332,188,42,0.223404255319149,0,0,17,0.0904255319148936,2,0.0106382978723404,42,0.223404255319149,19,0.101063829787234,90,1,25,1,45,1,28,1,1,90,25,45,28,1,0,0,0
6380,190,3,0.0157894736842105,0,0,0,0,0,0,3,0.0157894736842105,0,0,77,0.987179487179487,20,0.769230769230769,35,0.583333333333333,20,0.769230769230769,1,78,26,60,26,0,0,0,0
3596,187,41,0.219251336898396,1,0.0053475935828877,8,0.0427807486631016,0,0,42,0.224598930481283,8,0.0427807486631016,84,1,19,1,55,1,29,1,1,84,19,55,29,1,0,0,0
504,186,21,0.112903225806452,2,0.010752688172043,6,0.032258064516129,0,0,23,0.123655913978495,6,0.032258064516129,55,1,38,1,71,1,22,1,1,55,38,71,22,0,0,0,0
583,190,60,0.315789473684211,0,0,9,0.0473684210526316,0,0,60,0.315789473684211,9,0.0473684210526316,48,0.64,21,0.567567567567568,35,0.593220338983051,11,0.578947368421053,0.994708941474147,75,37,59,19,1,0,0,0
709,188,12,0.0638297872340425,0,0,1,0.00531914893617021,2,0.0106382978723404,12,0.0638297872340425,3,0.0159574468085106,85,1,23,1,50,1,30,1,1,85,23,50,30,0,0,0,0
5302,184,22,0.119565217391304,2,0.0108695652173913,1,0.00543478260869565,2,0.0108695652173913,24,0.130434782608696,3,0.016304347826087,62,1,33,1,62,1,27,1,1,62,33,62,27,0,0,0,0
285,190,28,0.147368421052632,0,0,2,0.0105263157894737,0,0,28,0.147368421052632,2,0.0105263157894737,75,0.974025974025974,17,0.459459459459459,36,0.679245283018868,21,0.91304347826087,1,77,37,53,23,0,0,0,0
5893,190,0,0,0,0,0,0,0,0,0,0,0,0,89,1,22,0.956521739130435,36,0.75,30,1,1,89,23,48,30,0,0,0,0
44,190,26,0.136842105263158,0,0,7,0.0368421052631579,0,0,26,0.136842105263158,7,0.0368421052631579,76,0.987012987012987,18,0.857142857142857,47,0.712121212121212,24,0.923076923076923,1,77,21,66,26,0,0,0,0
551,190,6,0.0315789473684211,0,0,0,0,0,0,6,0.0315789473684211,0,0,75,0.974025974025974,24,0.705882352941177,38,0.716981132075472,23,0.884615384615385,1,77,34,53,26,0,0,0,0
5323,186,7,0.0376344086021505,1,0.00537634408602151,1,0.00537634408602151,2,0.010752688172043,8,0.043010752688172,3,0.0161290322580645,87,1,23,1,58,1,18,1,1,87,23,58,18,0,0,0,0
5359,190,6,0.0315789473684211,0,0,2,0.0105263157894737,0,0,6,0.0315789473684211,2,0.0105263157894737,73,1,34,0.944444444444444,47,0.824561403508772,22,0.916666666666667,1,73,36,57,24,0,0,0,0
206,189,15,0.0793650793650794,0,0,4,0.0211640211640212,1,0.00529100529100529,15,0.0793650793650794,5,0.0264550264550265,63,1,38,1,68,1,20,1,1,63,38,68,20,0,0,0,0
4580,190,115,0.605263157894737,0,0,12,0.0631578947368421,1,0.00526315789473684,115,0.605263157894737,13,0.068421052631579,72,0.96,28,0.823529411764706,49,0.875,25,1,1,75,34,56,25,1,1,0,1
7314,189,77,0.407407407407407,2,0.0105820105820106,48,0.253968253968254,0,0,79,0.417989417989418,48,0.253968253968254,60,0.769230769230769,26,0.722222222222222,37,0.660714285714286,16,0.842105263157895,0.999999716813019,78,36,56,19,1,1,0,1
197,178,41,0.230337078651685,1,0.00561797752808989,41,0.230337078651685,2,0.0112359550561798,42,0.235955056179775,43,0.241573033707865,33,1,32,1,92,1,21,1,1,33,32,92,21,1,0,0,0
7534,189,0,0,0,0,0,0,0,0,0,0,0,0,89,1,21,1,48,1,31,1,1,89,21,48,31,0,0,0,0
321,190,36,0.189473684210526,4,0.0210526315789474,7,0.0368421052631579,1,0.00526315789473684,40,0.210526315789474,8,0.0421052631578947,70,0.823529411764706,20,0.833333333333333,33,0.634615384615385,22,0.758620689655172,0.999999999878641,85,24,52,29,1,0,0,0
267,189,3,0.0158730158730159,1,0.00529100529100529,4,0.0211640211640212,0,0,4,0.0211640211640212,4,0.0211640211640212,67,0.957142857142857,22,0.916666666666667,57,0.863636363636364,29,1,1,70,24,66,29,0,0,0,0
5534,186,14,0.0752688172043011,0,0,2,0.010752688172043,13,0.0698924731182796,14,0.0752688172043011,15,0.0806451612903226,62,1,26,1,69,1,29,1,1,62,26,69,29,0,0,0,0
83,190,12,0.0631578947368421,5,0.0263157894736842,0,0,1,0.00526315789473684,17,0.0894736842105263,1,0.00526315789473684,76,0.987012987012987,24,0.923076923076923,42,0.763636363636364,30,0.9375,1,77,26,55,32,0,0,0,0
6138,190,27,0.142105263157895,0,0,0,0,1,0.00526315789473684,27,0.142105263157895,1,0.00526315789473684,84,0.988235294117647,16,0.666666666666667,28,0.538461538461538,28,0.96551724137931,1,85,24,52,29,0,0,0,0
5985,190,3,0.0157894736842105,1,0.00526315789473684,1,0.00526315789473684,1,0.00526315789473684,4,0.0210526315789474,2,0.0105263157894737,48,0.657534246575342,25,0.925925925925926,39,0.684210526315789,17,0.515151515151515,0.997686853039052,73,27,57,33,0,0,0,0
1780,188,18,0.0957446808510638,1,0.00531914893617021,0,0,3,0.0159574468085106,19,0.101063829787234,3,0.0159574468085106,74,1,26,1,54,1,34,1,1,74,26,54,34,0,0,0,0
404,183,8,0.0437158469945355,3,0.0163934426229508,4,0.0218579234972678,2,0.0109289617486339,11,0.0601092896174863,6,0.0327868852459016,64,1,42,1,48,1,29,1,1,64,42,48,29,0,0,0,0
6199,190,60,0.315789473684211,1,0.00526315789473684,3,0.0157894736842105,0,0,61,0.321052631578947,3,0.0157894736842105,62,0.911764705882353,21,0.67741935483871,35,0.555555555555556,27,0.964285714285714,0.999999999999962,68,31,63,28,1,0,0,0
6205,188,7,0.0372340425531915,4,0.0212765957446809,3,0.0159574468085106,3,0.0159574468085106,11,0.0585106382978723,6,0.0319148936170213,73,1,41,1,53,1,21,1,1,73,41,53,21,0,0,0,0
4997,187,19,0.101604278074866,0,0,6,0.0320855614973262,2,0.0106951871657754,19,0.101604278074866,8,0.0427807486631016,69,1,42,1,58,1,18,1,1,69,42,58,18,0,0,0,0
351,189,34,0.17989417989418,0,0,4,0.0211640211640212,5,0.0264550264550265,34,0.17989417989418,9,0.0476190476190476,72,1,32,1,67,1,18,1,1,72,32,67,18,0,0,0,0
3428,190,27,0.142105263157895,0,0,0,0,3,0.0157894736842105,27,0.142105263157895,3,0.0157894736842105,45,0.569620253164557,9,0.5,28,0.451612903225806,21,0.67741935483871,0.911694723469918,79,18,62,31,0,0,0,0
483,190,3,0.0157894736842105,0,0,0,0,1,0.00526315789473684,3,0.0157894736842105,1,0.00526315789473684,74,0.91358024691358,18,0.642857142857143,37,0.649122807017544,15,0.625,1,81,28,57,24,0,0,0,0
559,189,42,0.222222222222222,0,0,6,0.0317460317460317,2,0.0105820105820106,42,0.222222222222222,8,0.0423280423280423,68,0.894736842105263,21,0.67741935483871,43,0.704918032786885,18,0.857142857142857,0.999999999999968,76,31,61,21,1,0,0,0
4683,188,1,0.00531914893617021,3,0.0159574468085106,0,0,1,0.00531914893617021,4,0.0212765957446809,1,0.00531914893617021,78,1,25,1,60,1,25,1,1,78,25,60,25,0,0,0,0
102,178,20,0.112359550561798,5,0.0280898876404494,12,0.0674157303370786,3,0.0168539325842697,25,0.140449438202247,15,0.0842696629213483,58,1,24,1,66,1,30,1,1,58,24,66,30,0,0,0,0
301,187,2,0.0106951871657754,2,0.0106951871657754,0,0,10,0.053475935828877,4,0.0213903743315508,10,0.053475935828877,59,1,34,1,73,1,21,1,1,59,34,73,21,0,0,0,0
426,188,66,0.351063829787234,0,0,20,0.106382978723404,2,0.0106382978723404,66,0.351063829787234,22,0.117021276595745,77,1,31,1,57,1,23,1,1,77,31,57,23,1,1,0,1
441,190,81,0.426315789473684,0,0,14,0.0736842105263158,1,0.00526315789473684,81,0.426315789473684,15,0.0789473684210526,61,0.983870967741935,18,0.947368421052632,69,0.8625,29,1,1,62,19,80,29,1,1,0,1
3178,187,7,0.0374331550802139,3,0.0160427807486631,2,0.0106951871657754,3,0.0160427807486631,10,0.053475935828877,5,0.0267379679144385,82,1,24,1,53,1,28,1,1,82,24,53,28,0,0,0,0
3413,178,19,0.106741573033708,7,0.0393258426966292,10,0.0561797752808989,11,0.0617977528089888,26,0.146067415730337,21,0.117977528089888,59,1,31,1,61,1,27,1,1,59,31,61,27,0,0,0,0
194,189,22,0.116402116402116,2,0.0105820105820106,1,0.00529100529100529,0,0,24,0.126984126984127,1,0.00529100529100529,70,1,22,1,74,1,23,1,1,70,22,74,23,0,0,0,0
3077,181,43,0.237569060773481,1,0.00552486187845304,32,0.176795580110497,2,0.0110497237569061,44,0.243093922651934,34,0.187845303867403,60,1,30,1,66,1,25,1,1,60,30,66,25,1,0,0,0
7676,188,24,0.127659574468085,0,0,0,0,0,0,24,0.127659574468085,0,0,66,1,29,1,58,1,35,1,1,66,29,58,35,0,0,0,0
6353,189,94,0.497354497354497,1,0.00529100529100529,62,0.328042328042328,3,0.0158730158730159,95,0.502645502645503,65,0.343915343915344,65,1,25,1,67,1,32,1,1,65,25,67,32,1,1,0,1
7671,186,104,0.559139784946237,1,0.00537634408602151,94,0.505376344086022,0,0,105,0.564516129032258,94,0.505376344086022,83,1,27,1,49,1,27,1,1,83,27,49,27,1,1,0,1
3264,175,14,0.08,7,0.04,11,0.0628571428571429,9,0.0514285714285714,21,0.12,20,0.114285714285714,69,1,27,1,54,1,25,1,1,69,27,54,25,0,0,0,0
79,190,15,0.0789473684210526,2,0.0105263157894737,0,0,1,0.00526315789473684,17,0.0894736842105263,1,0.00526315789473684,68,0.944444444444444,13,0.619047619047619,44,0.63768115942029,21,0.75,1,72,21,69,28,0,0,0,0
4893,188,23,0.122340425531915,0,0,0,0,0,0,23,0.122340425531915,0,0,62,1,41,1,57,1,28,1,1,62,41,57,28,0,0,0,0
346,186,30,0.161290322580645,4,0.021505376344086,19,0.102150537634409,4,0.021505376344086,34,0.182795698924731,23,0.123655913978495,56,1,37,1,65,1,28,1,1,56,37,65,28,0,0,0,0
3237,188,114,0.606382978723404,0,0,120,0.638297872340426,0,0,114,0.606382978723404,120,0.638297872340426,57,1,36,1,71,1,24,1,1,57,36,71,24,1,1,0,1
4872,188,25,0.132978723404255,0,0,5,0.0265957446808511,0,0,25,0.132978723404255,5,0.0265957446808511,76,1,35,1,49,1,28,1,1,76,35,49,28,0,0,0,0
5242,190,69,0.363157894736842,1,0.00526315789473684,41,0.215789473684211,0,0,70,0.368421052631579,41,0.215789473684211,82,0.987951807228916,25,0.892857142857143,43,0.767857142857143,18,0.782608695652174,1,83,28,56,23,1,1,0,1
9,185,8,0.0432432432432432,7,0.0378378378378378,7,0.0378378378378378,5,0.027027027027027,15,0.0810810810810811,12,0.0648648648648649,68,1,32,1,54,1,31,1,1,68,32,54,31,0,0,0,0
2809,185,7,0.0378378378378378,0,0,0,0,1,0.00540540540540541,7,0.0378378378378378,1,0.00540540540540541,73,1,31,1,53,1,28,1,1,73,31,53,28,0,0,0,0
584,181,10,0.0552486187845304,1,0.00552486187845304,2,0.0110497237569061,6,0.0331491712707182,11,0.0607734806629834,8,0.0441988950276243,49,0.7,16,0.64,38,0.644067796610169,20,0.740740740740741,0.999779857496743,70,25,59,27,0,0,0,0
4448,188,9,0.0478723404255319,1,0.00531914893617021,4,0.0212765957446809,0,0,10,0.0531914893617021,4,0.0212765957446809,86,1,29,1,51,1,22,1,1,86,29,51,22,0,0,0,0
1801,189,14,0.0740740740740741,0,0,0,0,0,0,14,0.0740740740740741,0,0,82,1,26,1,47,1,34,1,1,82,26,47,34,0,0,0,0
408,189,8,0.0423280423280423,0,0,0,0,1,0.00529100529100529,8,0.0423280423280423,1,0.00529100529100529,67,1,33,1,64,1,25,1,1,67,33,64,25,0,0,0,0
2291,185,14,0.0756756756756757,2,0.0108108108108108,0,0,0,0,16,0.0864864864864865,0,0,64,1,42,1,64,1,15,1,1,64,42,64,15,0,0,0,0
543,190,19,0.1,0,0,7,0.0368421052631579,0,0,19,0.1,7,0.0368421052631579,52,0.8125,19,0.826086956521739,46,0.666666666666667,30,0.882352941176471,0.999999949707101,64,23,69,34,0,0,0,0
214,190,6,0.0315789473684211,0,0,1,0.00526315789473684,0,0,6,0.0315789473684211,1,0.00526315789473684,72,0.972972972972973,26,0.838709677419355,43,0.826923076923077,33,1,1,74,31,52,33,0,0,0,0
6010,190,0,0,0,0,0,0,1,0.00526315789473684,0,0,1,0.00526315789473684,75,0.974025974025974,34,0.894736842105263,50,0.943396226415094,20,0.909090909090909,1,77,38,53,22,0,0,0,0
6040,187,75,0.401069518716578,1,0.0053475935828877,76,0.406417112299465,0,0,76,0.406417112299465,76,0.406417112299465,65,1,37,1,61,1,24,1,1,65,37,61,24,1,1,0,1
2225,190,10,0.0526315789473684,0,0,0,0,2,0.0105263157894737,10,0.0526315789473684,2,0.0105263157894737,60,0.967741935483871,34,0.790697674418605,45,0.818181818181818,27,0.9,1,62,43,55,30,0,0,0,0
256,189,13,0.0687830687830688,1,0.00529100529100529,3,0.0158730158730159,0,0,14,0.0740740740740741,3,0.0158730158730159,65,1,26,1,63,1,35,1,1,65,26,63,35,0,0,0,0
502,190,16,0.0842105263157895,4,0.0210526315789474,0,0,4,0.0210526315789474,20,0.105263157894737,4,0.0210526315789474,64,0.901408450704225,20,0.769230769230769,30,0.5,21,0.636363636363636,0.999999999999933,71,26,60,33,0,0,0,0
4538,181,12,0.0662983425414365,9,0.0497237569060773,11,0.0607734806629834,6,0.0331491712707182,21,0.116022099447514,17,0.0939226519337017,75,1,30,1,53,1,23,1,1,75,30,53,23,0,0,0,0
3912,185,2,0.0108108108108108,1,0.00540540540540541,4,0.0216216216216216,2,0.0108108108108108,3,0.0162162162162162,6,0.0324324324324324,75,1,21,1,69,1,20,1,1,75,21,69,20,0,0,0,0
1045,187,7,0.0374331550802139,7,0.0374331550802139,0,0,8,0.0427807486631016,14,0.0748663101604278,8,0.0427807486631016,70,1,28,1,57,1,32,1,1,70,28,57,32,0,0,0,0
6573,190,9,0.0473684210526316,0,0,3,0.0157894736842105,0,0,9,0.0473684210526316,3,0.0157894736842105,46,0.666666666666667,28,0.666666666666667,22,0.385964912280702,12,0.545454545454545,0.998227593576489,69,42,57,22,0,0,0,0
3372,189,13,0.0687830687830688,0,0,0,0,0,0,13,0.0687830687830688,0,0,57,1,32,1,76,1,24,1,1,57,32,76,24,0,0,0,0
5712,189,8,0.0423280423280423,1,0.00529100529100529,0,0,0,0,9,0.0476190476190476,0,0,63,1,9,0.310344827586207,32,0.457142857142857,25,0.925925925925926,1,63,29,70,27,0,0,0,0
4362,189,103,0.544973544973545,0,0,105,0.555555555555556,0,0,103,0.544973544973545,105,0.555555555555556,29,0.432835820895522,17,0.447368421052632,30,0.526315789473684,15,0.555555555555556,0.164216031348595,67,38,57,27,1,1,1,1
5038,190,5,0.0263157894736842,0,0,0,0,0,0,5,0.0263157894736842,0,0,72,0.923076923076923,28,0.903225806451613,48,0.857142857142857,24,0.96,1,78,31,56,25,0,0,0,0
569,188,19,0.101063829787234,3,0.0159574468085106,2,0.0106382978723404,3,0.0159574468085106,22,0.117021276595745,5,0.0265957446808511,60,0.895522388059702,18,0.857142857142857,44,0.656716417910448,28,0.848484848484849,0.999999999999253,67,21,67,33,0,0,0,0
7625,189,68,0.35978835978836,1,0.00529100529100529,36,0.19047619047619,0,0,69,0.365079365079365,36,0.19047619047619,60,1,37,1,65,1,27,1,1,60,37,65,27,1,1,0,1
4192,190,8,0.0421052631578947,0,0,0,0,6,0.0315789473684211,8,0.0421052631578947,6,0.0315789473684211,74,0.936708860759494,14,0.378378378378378,14,0.264150943396226,19,0.904761904761905,1,79,37,53,21,0,0,0,0
4586,185,27,0.145945945945946,1,0.00540540540540541,18,0.0972972972972973,0,0,28,0.151351351351351,18,0.0972972972972973,57,1,37,1,67,1,24,1,1,57,37,67,24,0,0,0,0
3165,190,26,0.136842105263158,1,0.00526315789473684,4,0.0210526315789474,0,0,27,0.142105263157895,4,0.0210526315789474,79,0.975308641975309,20,0.952380952380952,48,0.774193548387097,23,0.884615384615385,1,81,21,62,26,0,0,0,0
4461,183,14,0.0765027322404372,2,0.0109289617486339,1,0.00546448087431694,4,0.0218579234972678,16,0.087431693989071,5,0.0273224043715847,76,1,22,1,63,1,22,1,1,76,22,63,22,0,0,0,0
6733,186,11,0.0591397849462366,3,0.0161290322580645,0,0,4,0.021505376344086,14,0.0752688172043011,4,0.021505376344086,66,1,30,1,61,1,29,1,1,66,30,61,29,0,0,0,0
141,190,12,0.0631578947368421,0,0,0,0,0,0,12,0.0631578947368421,0,0,71,0.986111111111111,25,0.925925925925926,47,0.810344827586207,32,0.96969696969697,1,72,27,58,33,0,0,0,0
4653,190,0,0,1,0.00526315789473684,0,0,0,0,1,0.00526315789473684,0,0,74,1,20,0.869565217391304,62,0.898550724637681,24,1,1,74,23,69,24,0,0,0,0
6250,190,32,0.168421052631579,0,0,6,0.0315789473684211,0,0,32,0.168421052631579,6,0.0315789473684211,68,0.944444444444444,24,0.923076923076923,41,0.640625,23,0.821428571428571,1,72,26,64,28,0,0,0,0
2282,118,15,0.127118644067797,3,0.0254237288135593,18,0.152542372881356,3,0.0254237288135593,18,0.152542372881356,21,0.177966101694915,38,1,23,1,31,1,26,1,1,38,23,31,26,0,0,0,0
453,188,9,0.0478723404255319,4,0.0212765957446809,2,0.0106382978723404,3,0.0159574468085106,13,0.0691489361702128,5,0.0265957446808511,54,1,32,1,75,1,27,1,1,54,32,75,27,0,0,0,0
5743,180,42,0.233333333333333,3,0.0166666666666667,21,0.116666666666667,3,0.0166666666666667,45,0.25,24,0.133333333333333,67,1,28,1,60,1,25,1,1,67,28,60,25,1,0,0,0
4079,190,2,0.0105263157894737,0,0,0,0,0,0,2,0.0105263157894737,0,0,65,0.955882352941177,45,0.918367346938776,47,0.854545454545454,15,0.833333333333333,1,68,49,55,18,0,0,0,0
4191,188,49,0.26063829787234,2,0.0106382978723404,12,0.0638297872340425,3,0.0159574468085106,51,0.271276595744681,15,0.0797872340425532,77,0.927710843373494,19,0.791666666666667,48,0.842105263157895,22,0.916666666666667,1,83,24,57,24,1,0,0,0
30,186,22,0.118279569892473,3,0.0161290322580645,4,0.021505376344086,0,0,25,0.134408602150538,4,0.021505376344086,79,1,30,1,52,1,25,1,1,79,30,52,25,0,0,0,0
225,184,37,0.201086956521739,6,0.0326086956521739,24,0.130434782608696,5,0.0271739130434783,43,0.233695652173913,29,0.157608695652174,74,1,28,1,57,1,25,1,1,74,28,57,25,1,0,0,0
529,190,14,0.0736842105263158,0,0,0,0,2,0.0105263157894737,14,0.0736842105263158,2,0.0105263157894737,70,0.945945945945946,31,0.885714285714286,44,0.814814814814815,20,0.740740740740741,1,74,35,54,27,0,0,0,0
523,189,34,0.17989417989418,0,0,1,0.00529100529100529,0,0,34,0.17989417989418,1,0.00529100529100529,77,1,27,1,54,1,31,1,1,77,27,54,31,0,0,0,0
535,184,26,0.141304347826087,9,0.0489130434782609,4,0.0217391304347826,10,0.0543478260869565,35,0.190217391304348,14,0.0760869565217391,73,1,23,1,62,1,26,1,1,73,23,62,26,0,0,0,0
5783,190,2,0.0105263157894737,0,0,0,0,0,0,2,0.0105263157894737,0,0,74,0.948717948717949,29,0.90625,52,0.88135593220339,18,0.857142857142857,1,78,32,59,21,0,0,0,0
5701,189,20,0.105820105820106,1,0.00529100529100529,0,0,1,0.00529100529100529,21,0.111111111111111,1,0.00529100529100529,55,0.916666666666667,27,0.931034482758621,51,0.784615384615385,28,0.8,0.999999999999546,60,29,65,35,0,0,0,0
2815,185,47,0.254054054054054,3,0.0162162162162162,28,0.151351351351351,2,0.0108108108108108,50,0.27027027027027,30,0.162162162162162,65,1,31,1,55,1,34,1,1,65,31,55,34,1,0,0,0
322,188,9,0.0478723404255319,5,0.0265957446808511,1,0.00531914893617021,1,0.00531914893617021,14,0.074468085106383,2,0.0106382978723404,83,1,23,1,57,1,25,1,1,83,23,57,25,0,0,0,0
167,190,73,0.384210526315789,0,0,17,0.0894736842105263,0,0,73,0.384210526315789,17,0.0894736842105263,68,0.971428571428571,37,0.948717948717949,50,0.909090909090909,24,0.923076923076923,1,70,39,55,26,1,1,0,1
5794,190,52,0.273684210526316,0,0,2,0.0105263157894737,0,0,52,0.273684210526316,2,0.0105263157894737,73,1,26,0.866666666666667,40,0.888888888888889,39,0.928571428571429,1,73,30,45,42,1,0,0,0
490,188,62,0.329787234042553,0,0,21,0.111702127659574,1,0.00531914893617021,62,0.329787234042553,22,0.117021276595745,79,1,27,1,51,1,31,1,1,79,27,51,31,1,0,0,0
3943,189,0,0,5,0.0264550264550265,1,0.00529100529100529,1,0.00529100529100529,5,0.0264550264550265,2,0.0105820105820106,75,1,39,1,49,1,26,1,1,75,39,49,26,0,0,0,0
3526,188,1,0.00531914893617021,0,0,0,0,0,0,1,0.00531914893617021,0,0,74,1,28,1,54,1,32,1,1,74,28,54,32,0,0,0,0
462,190,20,0.105263157894737,0,0,1,0.00526315789473684,0,0,20,0.105263157894737,1,0.00526315789473684,79,0.951807228915663,27,0.870967741935484,34,0.708333333333333,28,1,1,83,31,48,28,0,0,0,0
1597,189,2,0.0105820105820106,1,0.00529100529100529,0,0,2,0.0105820105820106,3,0.0158730158730159,2,0.0105820105820106,67,1,36,1,61,1,25,1,1,67,36,61,25,0,0,0,0
8,188,1,0.00531914893617021,4,0.0212765957446809,0,0,2,0.0106382978723404,5,0.0265957446808511,2,0.0106382978723404,52,1,37,1,70,1,29,1,1,52,37,70,29,0,0,0,0
519,190,15,0.0789473684210526,0,0,0,0,0,0,15,0.0789473684210526,0,0,71,0.972602739726027,20,0.740740740740741,36,0.679245283018868,30,0.810810810810811,1,73,27,53,37,0,0,0,0
5465,188,5,0.0265957446808511,1,0.00531914893617021,0,0,1,0.00531914893617021,6,0.0319148936170213,1,0.00531914893617021,64,1,42,1,56,1,26,1,1,64,42,56,26,0,0,0,0
4539,167,74,0.44311377245509,1,0.00598802395209581,75,0.449101796407186,2,0.0119760479041916,75,0.449101796407186,77,0.461077844311377,65,1,28,1,43,1,31,1,1,65,28,43,31,1,1,0,1
466,188,103,0.547872340425532,0,0,23,0.122340425531915,0,0,103,0.547872340425532,23,0.122340425531915,70,1,29,1,62,1,27,1,1,70,29,62,27,1,1,0,1
7136,189,3,0.0158730158730159,0,0,0,0,0,0,3,0.0158730158730159,0,0,71,1,28,1,60,1,30,1,1,71,28,60,30,0,0,0,0
565,190,11,0.0578947368421053,2,0.0105263157894737,0,0,0,0,13,0.068421052631579,0,0,54,0.947368421052632,30,0.967741935483871,42,0.583333333333333,22,0.733333333333333,0.999999999999988,57,31,72,30,0,0,0,0
6936,185,46,0.248648648648649,0,0,2,0.0108108108108108,0,0,46,0.248648648648649,2,0.0108108108108108,75,1,31,1,54,1,25,1,1,75,31,54,25,1,0,0,0
379,184,87,0.472826086956522,5,0.0271739130434783,96,0.521739130434783,4,0.0217391304347826,92,0.5,100,0.543478260869565,63,1,35,1,60,1,26,1,1,63,35,60,26,1,1,0,1
487,189,3,0.0158730158730159,0,0,0,0,2,0.0105820105820106,3,0.0158730158730159,2,0.0105820105820106,79,1,33,1,56,1,21,1,1,79,33,56,21,0,0,0,0
358,190,6,0.0315789473684211,0,0,0,0,0,0,6,0.0315789473684211,0,0,58,0.950819672131147,26,0.866666666666667,44,0.586666666666667,20,0.833333333333333,0.999999999999999,61,30,75,24,0,0,0,0
6087,187,8,0.0427807486631016,0,0,4,0.0213903743315508,0,0,8,0.0427807486631016,4,0.0213903743315508,79,1,24,1,58,1,26,1,1,79,24,58,26,0,0,0,0
242,186,7,0.0376344086021505,2,0.010752688172043,2,0.010752688172043,5,0.0268817204301075,9,0.0483870967741935,7,0.0376344086021505,69,1,24,1,62,1,31,1,1,69,24,62,31,0,0,0,0
446,189,2,0.0105820105820106,0,0,0,0,0,0,2,0.0105820105820106,0,0,60,1,34,1,66,1,29,1,1,60,34,66,29,0,0,0,0
5574,190,6,0.0315789473684211,0,0,0,0,0,0,6,0.0315789473684211,0,0,72,0.986301369863014,25,0.925925925925926,46,0.73015873015873,24,0.888888888888889,1,73,27,63,27,0,0,0,0
35,189,12,0.0634920634920635,0,0,2,0.0105820105820106,1,0.00529100529100529,12,0.0634920634920635,3,0.0158730158730159,66,1,40,1,49,1,34,1,1,66,40,49,34,0,0,0,0
6852,190,4,0.0210526315789474,0,0,1,0.00526315789473684,0,0,4,0.0210526315789474,1,0.00526315789473684,78,0.951219512195122,30,0.9375,27,0.519230769230769,6,0.25,1,82,32,52,24,0,0,0,0
3394,190,61,0.321052631578947,1,0.00526315789473684,24,0.126315789473684,0,0,62,0.326315789473684,24,0.126315789473684,67,0.957142857142857,18,0.6,32,0.56140350877193,30,0.909090909090909,1,70,30,57,33,1,0,0,0
2082,188,6,0.0319148936170213,4,0.0212765957446809,0,0,0,0,10,0.0531914893617021,0,0,63,0.818181818181818,20,0.740740740740741,39,0.639344262295082,18,0.782608695652174,0.999999998488183,77,27,61,23,0,0,0,0
4370,188,55,0.292553191489362,0,0,9,0.0478723404255319,1,0.00531914893617021,55,0.292553191489362,10,0.0531914893617021,68,1,32,1,63,1,25,1,1,68,32,63,25,1,0,0,0
2855,189,10,0.0529100529100529,1,0.00529100529100529,1,0.00529100529100529,0,0,11,0.0582010582010582,1,0.00529100529100529,73,1,32,1,61,1,23,1,1,73,32,61,23,0,0,0,0
201,190,27,0.142105263157895,0,0,1,0.00526315789473684,1,0.00526315789473684,27,0.142105263157895,2,0.0105263157894737,69,0.958333333333333,23,0.741935483870968,48,0.774193548387097,25,1,1,72,31,62,25,0,0,0,0
4,186,41,0.220430107526882,0,0,9,0.0483870967741935,1,0.00537634408602151,41,0.220430107526882,10,0.0537634408602151,62,1,20,1,78,1,26,1,1,62,20,78,26,1,0,0,0
396,190,1,0.00526315789473684,0,0,0,0,0,0,1,0.00526315789473684,0,0,76,0.95,23,0.958333333333333,42,0.777777777777778,29,0.90625,1,80,24,54,32,0,0,0,0
2125,188,4,0.0212765957446809,1,0.00531914893617021,0,0,2,0.0106382978723404,5,0.0265957446808511,2,0.0106382978723404,74,0.961038961038961,23,0.793103448275862,33,0.634615384615385,28,0.933333333333333,1,77,29,52,30,0,0,0,0
28,190,38,0.2,0,0,17,0.0894736842105263,1,0.00526315789473684,38,0.2,18,0.0947368421052632,54,0.947368421052632,28,0.823529411764706,39,0.582089552238806,17,0.53125,0.999999999999988,57,34,67,32,0,0,0,0
236,186,34,0.182795698924731,1,0.00537634408602151,13,0.0698924731182796,0,0,35,0.188172043010753,13,0.0698924731182796,73,1,28,1,52,1,33,1,1,73,28,52,33,0,0,0,0
4634,189,1,0.00529100529100529,0,0,0,0,0,0,1,0.00529100529100529,0,0,81,1,24,1,53,1,31,1,1,81,24,53,31,0,0,0,0
6533,184,45,0.244565217391304,0,0,16,0.0869565217391304,4,0.0217391304347826,45,0.244565217391304,20,0.108695652173913,72,1,30,1,55,1,27,1,1,72,30,55,27,1,0,0,0
388,190,26,0.136842105263158,0,0,10,0.0526315789473684,0,0,26,0.136842105263158,10,0.0526315789473684,85,0.988372093023256,26,1,43,0.781818181818182,15,0.652173913043478,1,86,26,55,23,0,0,0,0
237,189,14,0.0740740740740741,1,0.00529100529100529,8,0.0423280423280423,0,0,15,0.0793650793650794,8,0.0423280423280423,63,1,27,1,76,1,23,1,1,63,27,76,23,0,0,0,0
6592,189,34,0.17989417989418,0,0,1,0.00529100529100529,0,0,34,0.17989417989418,1,0.00529100529100529,76,1,39,1,55,1,19,1,1,76,39,55,19,0,0,0,0
4572,189,5,0.0264550264550265,2,0.0105820105820106,5,0.0264550264550265,0,0,7,0.037037037037037,5,0.0264550264550265,70,1,33,1,67,1,19,1,1,70,33,67,19,0,0,0,0
2138,190,0,0,1,0.00526315789473684,0,0,0,0,1,0.00526315789473684,0,0,38,0.527777777777778,27,0.84375,24,0.363636363636364,14,0.7,0.722001141119513,72,32,66,20,0,0,0,0
1982,168,69,0.410714285714286,8,0.0476190476190476,59,0.351190476190476,8,0.0476190476190476,77,0.458333333333333,67,0.398809523809524,71,1,9,1,61,1,27,1,1,71,9,61,27,1,1,0,1
4987,190,75,0.394736842105263,1,0.00526315789473684,7,0.0368421052631579,1,0.00526315789473684,76,0.4,8,0.0421052631578947,71,0.959459459459459,32,0.941176470588235,48,0.857142857142857,26,1,1,74,34,56,26,1,1,0,1
3367,190,1,0.00526315789473684,0,0,0,0,0,0,1,0.00526315789473684,0,0,55,0.808823529411765,21,0.636363636363636,39,0.619047619047619,17,0.653846153846154,0.999999968952521,68,33,63,26,0,0,0,0
6979,184,31,0.168478260869565,3,0.016304347826087,16,0.0869565217391304,9,0.0489130434782609,34,0.184782608695652,25,0.135869565217391,67,1,25,1,67,1,25,1,1,67,25,67,25,0,0,0,0
1787,189,133,0.703703703703704,0,0,124,0.656084656084656,0,0,133,0.703703703703704,124,0.656084656084656,49,0.816666666666667,26,0.866666666666667,55,0.846153846153846,30,0.882352941176471,0.999999919180927,60,30,65,34,1,1,0,1
588,188,14,0.074468085106383,0,0,1,0.00531914893617021,1,0.00531914893617021,14,0.074468085106383,2,0.0106382978723404,69,1,31,1,60,1,28,1,1,69,31,60,28,0,0,0,0
420,189,20,0.105820105820106,0,0,2,0.0105820105820106,0,0,20,0.105820105820106,2,0.0105820105820106,80,1,38,1,50,1,21,1,1,80,38,50,21,0,0,0,0
272,189,7,0.037037037037037,1,0.00529100529100529,0,0,0,0,8,0.0423280423280423,0,0,77,1,29,1,58,1,25,1,1,77,29,58,25,0,0,0,0
1225,190,10,0.0526315789473684,1,0.00526315789473684,4,0.0210526315789474,0,0,11,0.0578947368421053,4,0.0210526315789474,60,0.857142857142857,27,0.818181818181818,43,0.728813559322034,19,0.678571428571429,0.999999999935781,70,33,59,28,0,0,0,0
130,190,6,0.0315789473684211,0,0,0,0,0,0,6,0.0315789473684211,0,0,82,0.953488372093023,21,0.84,31,0.574074074074074,20,0.8,1,86,25,54,25,0,0,0,0
20,167,64,0.383233532934132,1,0.00598802395209581,27,0.161676646706587,2,0.0119760479041916,65,0.389221556886228,29,0.173652694610778,54,1,22,1,65,1,26,1,1,54,22,65,26,1,1,0,1
594,188,2,0.0106382978723404,2,0.0106382978723404,0,0,4,0.0212765957446809,4,0.0212765957446809,4,0.0212765957446809,65,1,21,1,65,1,37,1,1,65,21,65,37,0,0,0,0
5522,190,8,0.0421052631578947,1,0.00526315789473684,0,0,0,0,9,0.0473684210526316,0,0,70,0.958904109589041,25,0.833333333333333,30,0.625,36,0.923076923076923,1,73,30,48,39,0,0,0,0
5056,188,105,0.558510638297872,2,0.0106382978723404,118,0.627659574468085,2,0.0106382978723404,107,0.569148936170213,120,0.638297872340426,65,1,20,1,70,1,33,1,1,65,20,70,33,1,1,0,1
4667,179,11,0.0614525139664804,7,0.0391061452513966,7,0.0391061452513966,7,0.0391061452513966,18,0.100558659217877,14,0.0782122905027933,62,1,35,1,62,1,20,1,1,62,35,62,20,0,0,0,0
4666,179,20,0.111731843575419,3,0.0167597765363128,4,0.0223463687150838,3,0.0167597765363128,23,0.128491620111732,7,0.0391061452513966,64,1,29,1,57,1,29,1,1,64,29,57,29,0,0,0,0
5970,190,20,0.105263157894737,1,0.00526315789473684,0,0,0,0,21,0.110526315789474,0,0,62,0.885714285714286,18,0.818181818181818,56,0.848484848484849,31,0.96875,0.999999999998862,70,22,66,32,0,0,0,0
113,177,28,0.15819209039548,3,0.0169491525423729,21,0.11864406779661,5,0.0282485875706215,31,0.175141242937853,26,0.146892655367232,57,1,28,1,67,1,25,1,1,57,28,67,25,0,0,0,0
4939,185,25,0.135135135135135,2,0.0108108108108108,20,0.108108108108108,2,0.0108108108108108,27,0.145945945945946,22,0.118918918918919,75,1,35,1,49,1,26,1,1,75,35,49,26,0,0,0,0
254,190,78,0.410526315789474,0,0,13,0.068421052631579,0,0,78,0.410526315789474,13,0.068421052631579,68,0.931506849315068,34,0.971428571428571,44,0.8,22,0.814814814814815,1,73,35,55,27,1,1,0,1
81,189,6,0.0317460317460317,0,0,1,0.00529100529100529,0,0,6,0.0317460317460317,1,0.00529100529100529,66,0.733333333333333,15,0.789473684210526,32,0.64,23,0.766666666666667,0.999998102475411,90,19,50,30,0,0,0,0
454,190,2,0.0105263157894737,0,0,0,0,0,0,2,0.0105263157894737,0,0,71,0.986111111111111,26,0.928571428571429,43,0.716666666666667,24,0.8,1,72,28,60,30,0,0,0,0
313,190,35,0.184210526315789,0,0,0,0,0,0,35,0.184210526315789,0,0,66,0.985074626865672,29,0.90625,45,0.681818181818182,22,0.88,1,67,32,66,25,0,0,0,0
6645,185,115,0.621621621621622,2,0.0108108108108108,113,0.610810810810811,1,0.00540540540540541,117,0.632432432432432,114,0.616216216216216,64,1,29,1,56,1,36,1,1,64,29,56,36,1,1,0,1
4078,190,0,0,1,0.00526315789473684,0,0,2,0.0105263157894737,1,0.00526315789473684,2,0.0105263157894737,78,0.975,25,0.925925925925926,55,0.982142857142857,22,0.814814814814815,1,80,27,56,27,0,0,0,0
117,182,19,0.104395604395604,4,0.021978021978022,7,0.0384615384615385,5,0.0274725274725275,23,0.126373626373626,12,0.0659340659340659,54,1,29,1,79,1,20,1,1,54,29,79,20,0,0,0,0
13,190,12,0.0631578947368421,0,0,1,0.00526315789473684,2,0.0105263157894737,12,0.0631578947368421,3,0.0157894736842105,79,0.975308641975309,30,0.833333333333333,28,0.622222222222222,25,0.892857142857143,1,81,36,45,28,0,0,0,0
142,178,32,0.179775280898876,0,0,22,0.123595505617978,7,0.0393258426966292,32,0.179775280898876,29,0.162921348314607,68,1,27,1,51,1,32,1,1,68,27,51,32,0,0,0,0
312,190,19,0.1,1,0.00526315789473684,1,0.00526315789473684,0,0,20,0.105263157894737,1,0.00526315789473684,62,0.939393939393939,23,0.958333333333333,50,0.704225352112676,20,0.689655172413793,0.999999999999999,66,24,71,29,0,0,0,0
2957,188,28,0.148936170212766,0,0,2,0.0106382978723404,0,0,28,0.148936170212766,2,0.0106382978723404,75,1,37,1,55,1,21,1,1,75,37,55,21,0,0,0,0
417,190,6,0.0315789473684211,1,0.00526315789473684,1,0.00526315789473684,0,0,7,0.0368421052631579,1,0.00526315789473684,71,0.788888888888889,22,0.758620689655172,32,0.60377358490566,8,0.444444444444444,0.999999995964628,90,29,53,18,0,0,0,0
249,190,57,0.3,0,0,19,0.1,0,0,57,0.3,19,0.1,61,0.782051282051282,20,0.740740740740741,30,0.576923076923077,20,0.606060606060606,0.999999924351093,78,27,52,33,1,0,0,0
2665,190,8,0.0421052631578947,0,0,0,0,0,0,8,0.0421052631578947,0,0,78,0.939759036144578,25,1,39,0.65,16,0.727272727272727,1,83,25,60,22,0,0,0,0
879,190,1,0.00526315789473684,0,0,0,0,0,0,1,0.00526315789473684,0,0,74,0.948717948717949,22,0.611111111111111,14,0.269230769230769,23,0.958333333333333,1,78,36,52,24,0,0,0,0
3784,190,7,0.0368421052631579,1,0.00526315789473684,6,0.0315789473684211,0,0,8,0.0421052631578947,6,0.0315789473684211,62,0.765432098765432,18,0.580645161290323,25,0.555555555555556,19,0.575757575757576,0.999999739779822,81,31,45,33,0,0,0,0
1847,188,38,0.202127659574468,0,0,23,0.122340425531915,0,0,38,0.202127659574468,23,0.122340425531915,69,1,28,1,65,1,26,1,1,69,28,65,26,1,0,0,0
3563,189,9,0.0476190476190476,2,0.0105820105820106,3,0.0158730158730159,0,0,11,0.0582010582010582,3,0.0158730158730159,81,1,32,1,48,1,28,1,1,81,32,48,28,0,0,0,0
259,190,0,0,0,0,1,0.00526315789473684,1,0.00526315789473684,0,0,2,0.0105263157894737,79,0.9875,24,0.8,40,0.714285714285714,19,0.791666666666667,1,80,30,56,24,0,0,0,0
4557,188,52,0.276595744680851,0,0,18,0.0957446808510638,4,0.0212765957446809,52,0.276595744680851,22,0.117021276595745,57,1,28,1,81,1,22,1,1,57,28,81,22,1,0,0,0
843,185,6,0.0324324324324324,4,0.0216216216216216,3,0.0162162162162162,2,0.0108108108108108,10,0.0540540540540541,5,0.027027027027027,75,1,38,1,51,1,21,1,1,75,38,51,21,0,0,0,0
243,182,8,0.043956043956044,1,0.00549450549450549,1,0.00549450549450549,3,0.0164835164835165,9,0.0494505494505494,4,0.021978021978022,52,1,42,1,69,1,19,1,1,52,42,69,19,0,0,0,0
3045,188,22,0.117021276595745,0,0,1,0.00531914893617021,2,0.0106382978723404,22,0.117021276595745,3,0.0159574468085106,92,1,26,1,46,1,24,1,1,92,26,46,24,0,0,0,0
828,190,21,0.110526315789474,0,0,0,0,0,0,21,0.110526315789474,0,0,71,0.91025641025641,22,0.709677419354839,43,0.754385964912281,14,0.583333333333333,0.999999999999999,78,31,57,24,0,0,0,0
522,189,1,0.00529100529100529,0,0,0,0,1,0.00529100529100529,1,0.00529100529100529,1,0.00529100529100529,72,1,26,1,61,1,30,1,1,72,26,61,30,0,0,0,0
4577,190,41,0.215789473684211,0,0,5,0.0263157894736842,0,0,41,0.215789473684211,5,0.0263157894736842,76,0.987012987012987,30,0.9375,41,0.803921568627451,30,1,1,77,32,51,30,1,0,0,0
5452,190,6,0.0315789473684211,0,0,0,0,0,0,6,0.0315789473684211,0,0,52,0.776119402985075,15,0.535714285714286,31,0.484375,11,0.354838709677419,0.999999113566061,67,28,64,31,0,0,0,0
251,190,1,0.00526315789473684,0,0,0,0,2,0.0105263157894737,1,0.00526315789473684,2,0.0105263157894737,77,0.950617283950617,22,0.647058823529412,43,0.826923076923077,17,0.739130434782609,1,81,34,52,23,0,0,0,0
577,190,2,0.0105263157894737,2,0.0105263157894737,0,0,2,0.0105263157894737,4,0.0210526315789474,2,0.0105263157894737,31,0.53448275862069,28,0.823529411764706,38,0.603174603174603,30,0.857142857142857,0.744078845780915,58,34,63,35,0,0,0,0
3254,185,26,0.140540540540541,3,0.0162162162162162,30,0.162162162162162,2,0.0108108108108108,29,0.156756756756757,32,0.172972972972973,68,1,31,1,66,1,20,1,1,68,31,66,20,0,0,0,0
3455,189,61,0.322751322751323,0,0,72,0.380952380952381,2,0.0105820105820106,61,0.322751322751323,74,0.391534391534392,54,1,32,1,91,1,12,1,1,54,32,91,12,1,1,0,1
5333,190,1,0.00526315789473684,3,0.0157894736842105,0,0,5,0.0263157894736842,4,0.0210526315789474,5,0.0263157894736842,68,0.944444444444444,29,0.90625,38,0.690909090909091,28,0.903225806451613,1,72,32,55,31,0,0,0,0
3550,189,1,0.00529100529100529,1,0.00529100529100529,0,0,0,0,2,0.0105820105820106,0,0,66,1,28,1,65,1,30,1,1,66,28,65,30,0,0,0,0
5716,190,37,0.194736842105263,0,0,0,0,0,0,37,0.194736842105263,0,0,57,0.703703703703704,16,0.666666666666667,37,0.672727272727273,23,0.766666666666667,0.999936694424018,81,24,55,30,0,0,0,0
4010,190,14,0.0736842105263158,0,0,0,0,0,0,14,0.0736842105263158,0,0,71,0.986111111111111,30,0.9375,36,0.73469387755102,33,0.891891891891892,1,72,32,49,37,0,0,0,0
6666,189,2,0.0105820105820106,0,0,0,0,0,0,2,0.0105820105820106,0,0,83,1,37,1,40,1,29,1,1,83,37,40,29,0,0,0,0
40,190,2,0.0105263157894737,1,0.00526315789473684,0,0,1,0.00526315789473684,3,0.0157894736842105,1,0.00526315789473684,51,0.980769230769231,14,0.378378378378378,50,0.641025641025641,18,0.782608695652174,1,52,37,78,23,0,0,0,0
7927,190,42,0.221052631578947,1,0.00526315789473684,28,0.147368421052632,0,0,43,0.226315789473684,28,0.147368421052632,61,0.859154929577465,27,0.84375,30,0.535714285714286,22,0.709677419354839,0.999999999963323,71,32,56,31,1,0,0,0
3608,188,10,0.0531914893617021,1,0.00531914893617021,4,0.0212765957446809,1,0.00531914893617021,11,0.0585106382978723,5,0.0265957446808511,47,0.643835616438356,16,0.64,54,0.857142857142857,20,0.740740740740741,0.995228894287067,73,25,63,27,0,0,0,0
4860,184,13,0.0706521739130435,6,0.0326086956521739,1,0.00543478260869565,6,0.0326086956521739,19,0.103260869565217,7,0.0380434782608696,62,1,33,1,69,1,20,1,1,62,33,69,20,0,0,0,0
1624,175,94,0.537142857142857,1,0.00571428571428571,82,0.468571428571429,1,0.00571428571428571,95,0.542857142857143,83,0.474285714285714,70,1,30,1,44,1,31,1,1,70,30,44,31,1,1,0,1
4103,190,31,0.163157894736842,3,0.0157894736842105,4,0.0210526315789474,0,0,34,0.178947368421053,4,0.0210526315789474,73,0.986486486486487,18,0.642857142857143,35,0.603448275862069,29,0.966666666666667,1,74,28,58,30,0,0,0,0
5281,189,22,0.116402116402116,0,0,1,0.00529100529100529,0,0,22,0.116402116402116,1,0.00529100529100529,78,1,33,1,53,1,25,1,1,78,33,53,25,0,0,0,0
1980,190,1,0.00526315789473684,0,0,0,0,1,0.00526315789473684,1,0.00526315789473684,1,0.00526315789473684,68,0.944444444444444,29,0.828571428571429,31,0.525423728813559,23,0.958333333333333,1,72,35,59,24,0,0,0,0
7138,190,18,0.0947368421052632,0,0,0,0,0,0,18,0.0947368421052632,0,0,66,0.868421052631579,24,0.827586206896552,40,0.689655172413793,23,0.851851851851852,0.999999999997833,76,29,58,27,0,0,0,0
207,185,1,0.00540540540540541,1,0.00540540540540541,0,0,4,0.0216216216216216,2,0.0108108108108108,4,0.0216216216216216,70,1,31,1,54,1,30,1,1,70,31,54,30,0,0,0,0
5914,188,5,0.0265957446808511,2,0.0106382978723404,0,0,5,0.0265957446808511,7,0.0372340425531915,5,0.0265957446808511,69,1,30,1,65,1,24,1,1,69,30,65,24,0,0,0,0
261,190,4,0.0210526315789474,0,0,0,0,3,0.0157894736842105,4,0.0210526315789474,3,0.0157894736842105,64,0.927536231884058,19,0.612903225806452,25,0.378787878787879,16,0.666666666666667,0.999999999999998,69,31,66,24,0,0,0,0
804,189,32,0.169312169312169,0,0,3,0.0158730158730159,0,0,32,0.169312169312169,3,0.0158730158730159,75,0.961538461538462,16,1,49,0.7,21,0.84,1,78,16,70,25,0,0,0,0
1189,189,2,0.0105820105820106,0,0,0,0,1,0.00529100529100529,2,0.0105820105820106,1,0.00529100529100529,67,0.957142857142857,26,0.896551724137931,49,0.890909090909091,30,0.857142857142857,1,70,29,55,35,0,0,0,0
3795,155,25,0.161290322580645,1,0.00645161290322581,5,0.032258064516129,2,0.0129032258064516,26,0.167741935483871,7,0.0451612903225806,58,1,28,1,47,1,22,1,1,58,28,47,22,0,0,0,0
1190,189,32,0.169312169312169,0,0,14,0.0740740740740741,0,0,32,0.169312169312169,14,0.0740740740740741,56,0.861538461538462,36,0.878048780487805,52,0.852459016393443,18,0.818181818181818,0.999999999841838,65,41,61,22,0,0,0,0
498,190,39,0.205263157894737,0,0,1,0.00526315789473684,0,0,39,0.205263157894737,1,0.00526315789473684,22,0.301369863013699,11,0.44,21,0.362068965517241,14,0.411764705882353,0.000457137291081546,73,25,58,34,1,1,1,1
5002,187,33,0.176470588235294,3,0.0160427807486631,10,0.053475935828877,4,0.0213903743315508,36,0.192513368983957,14,0.0748663101604278,71,1,31,1,57,1,28,1,1,71,31,57,28,0,0,0,0
4534,190,1,0.00526315789473684,1,0.00526315789473684,0,0,0,0,2,0.0105263157894737,0,0,21,0.323076923076923,5,0.147058823529412,19,0.296875,6,0.222222222222222,0.00295921662630965,65,34,64,27,1,1,1,1
3992,189,6,0.0317460317460317,0,0,0,0,0,0,6,0.0317460317460317,0,0,83,1,26,1,46,1,34,1,1,83,26,46,34,0,0,0,0
5023,187,15,0.0802139037433155,2,0.0106951871657754,1,0.0053475935828877,1,0.0053475935828877,17,0.0909090909090909,2,0.0106951871657754,75,1,15,1,68,1,29,1,1,75,15,68,29,0,0,0,0
4907,189,4,0.0211640211640212,4,0.0211640211640212,1,0.00529100529100529,3,0.0158730158730159,8,0.0423280423280423,4,0.0211640211640212,69,0.841463414634146,16,0.8,39,0.684210526315789,23,0.766666666666667,0.99999999997946,82,20,57,30,0,0,0,0
