participant_ID,alpha1_session1_mean,alpha1_session1_sd,alpha1_session2_mean,alpha1_session2_sd,beta1m_session1_mean,beta1m_session1_sd,beta1m_session2_mean,beta1m_session2_sd,beta1t_session1_mean,beta1t_session1_sd,beta1t_session2_mean,beta1t_session2_sd,beta2_session1_mean,beta2_session1_sd,beta2_session2_mean,beta2_session2_sd,betac_session1_mean,betac_session1_sd,betac_session2_mean,betac_session2_sd,alpha1_common_mean,alpha1_common_sd,beta1m_common_mean,beta1m_common_sd,beta1t_common_mean,beta1t_common_sd,beta2_common_mean,beta2_common_sd,betac_common_mean,betac_common_sd
83,0.3445,0.0589,0.3476,0.05427,2.781,0.8066,3.661,1.092,2.755,0.771,2.252,0.6013,6.726,1.033,7.454,1.125,0.9347,0.2981,1.178,0.2922,0.3462,0.04624,3.076,0.8387,2.423,0.5817,6.924,0.8222,0.9925,0.2452
159,0.1776,0.04098,0.2226,0.08459,0.8964,0.6173,0.6391,0.4056,2.043,0.8253,1.417,0.4117,9.302,1.307,3.43,0.7459,1.908,0.4066,0.9847,0.1971,0.2011,0.05314,0.7501,0.4732,1.656,0.5297,5.895,1.689,1.366,0.4253
6138,0.5664,0.05597,0.5711,0.05911,2.932,0.5668,3.428,0.7083,2.136,0.5367,2.031,0.4871,7.553,1.261,10.23,2.17,0.3224,0.1645,0.413,0.1979,0.5628,0.0477,3.078,0.5488,2.055,0.4361,8.449,1.34,0.3582,0.1514
4172,0.305,0.06971,0.1152,0.03081,0.3755,0.209,0.3418,0.2643,1.441,0.4117,1.868,0.796,3.664,0.6612,7.257,1.038,0.6589,0.1751,5.315,2.203,0.2034,0.07464,0.3531,0.2195,1.657,0.5524,5.141,1.012,1.757,0.847
481,0.309,0.0537,0.6055,0.07525,0.8949,0.3954,0.8834,0.4226,2.127,0.5665,1.656,0.4144,4.193,0.733,4.297,0.7613,0.4822,0.1773,0.7995,0.2187,0.4511,0.09282,0.8727,0.378,1.839,0.4256,4.28,0.5898,0.5974,0.1642
4348,0.4604,0.05687,0.5453,0.0701,0.4012,0.2005,0.3551,0.2248,1.727,0.4013,2.347,0.5741,6.108,0.9251,6.11,0.9996,0.4675,0.1771,0.7528,0.2798,0.4987,0.05419,0.3731,0.1977,2.037,0.454,6.035,0.7385,0.57,0.1826
197,0.0828,0.03071,0.3664,0.0607,0.9317,0.6497,0.8116,0.5889,5.382,4.174,3.525,1.248,24.51,3.638,17.94,4.856,4.036,2.073,1.509,0.5147,0.1973,0.08243,0.8545,0.5785,4.025,2.019,19.44,3.912,2.422,1.304
3596,0.512,0.07035,0.6839,0.07235,0.9803,0.4757,0.6406,0.2779,3.492,0.6468,1.869,0.3217,6.978,1.138,4.196,0.7119,0.2157,0.1419,0.1354,0.07773,0.5938,0.07351,0.7923,0.3489,2.455,0.5213,5.485,1.03,0.1786,0.1018
1780,0.4012,0.05254,0.4871,0.05798,2.745,0.8584,3.028,0.989,2.724,0.8299,2.404,0.6743,7.806,1.122,10.05,1.908,1.261,0.3632,1.322,0.31,0.441,0.04774,2.796,0.8217,2.495,0.6377,8.521,1.176,1.222,0.2977
583,0.1319,0.03294,0.2813,0.06702,0.6494,0.3563,0.5148,0.3091,1.451,0.4482,1.595,0.4042,6.592,0.9756,5.23,0.835,0.1751,0.08812,0.1941,0.1069,0.2008,0.0536,0.5732,0.3112,1.527,0.369,5.856,0.816,0.1881,0.08417
5673,0.737,0.06644,0.7987,0.07151,0.5368,0.2355,0.4374,0.2208,1.854,0.3685,1.692,0.3401,5.33,1.06,4.694,0.9603,0.2379,0.121,0.2921,0.1489,0.7616,0.06252,0.481,0.2117,1.757,0.3018,5.007,0.82,0.2632,0.1138
6215,0.03391,0.04837,0.06559,0.03364,0.6599,0.4531,0.5529,0.4243,1.348,0.6951,1.405,0.576,4.355,1.661,7.085,1.186,0.1725,0.08594,0.1563,0.08303,0.04828,0.03794,0.5961,0.4133,1.375,0.5688,5.456,1.352,0.17,0.07491
7308,0.1441,0.04601,0.2061,0.03741,0.7138,0.4334,0.6578,0.5083,1.855,0.573,1.913,0.6855,3.452,0.8382,12.3,2.19,0.5782,0.1611,3.292,0.6968,0.1758,0.0377,0.6726,0.4382,1.867,0.5563,6.516,2.148,1.305,0.4931
2039,0.5331,0.05866,0.4192,0.05113,0.8314,0.428,0.6683,0.3878,3.714,0.7115,3.596,0.6568,8.481,1.515,6.646,0.9913,0.4357,0.2221,0.4809,0.2552,0.4728,0.05933,0.7374,0.3826,3.559,0.5729,7.38,1.11,0.4448,0.1989
2085,0.2452,0.04029,0.2642,0.06141,1.679,0.8458,1.553,0.8556,2.327,0.698,2.382,0.6955,6.636,0.9085,5.943,0.9242,1.154,0.2994,1.251,0.3031,0.2568,0.04272,1.578,0.7888,2.321,0.6086,6.217,0.7497,1.14,0.2587
7534,0.329,0.05895,0.5257,0.06709,1.774,0.5686,2.119,0.7036,2.615,0.6041,2.96,0.6509,8.206,1.279,8.974,1.634,0.432,0.2043,0.5689,0.2629,0.4224,0.06908,1.882,0.569,2.754,0.5474,8.29,1.094,0.4785,0.1912
321,0.4596,0.09683,0.3513,0.09261,0.3791,0.1968,0.298,0.1863,1.721,0.4455,1.325,0.3566,2.765,0.4917,3.76,0.7769,0.3866,0.1858,0.285,0.1278,0.4028,0.08856,0.3342,0.1784,1.49,0.3582,3.296,0.5592,0.3364,0.1436
4824,0.3737,0.06522,0.26,0.04518,0.769,0.456,0.7331,0.5421,3.195,0.9079,2.503,0.6796,8.18,1.213,12.52,1.916,1.418,0.3622,1.877,0.3987,0.3165,0.06016,0.7358,0.464,2.733,0.6734,9.661,1.397,1.514,0.3152
4673,0.5823,0.06395,0.4912,0.09077,1.026,0.522,0.9765,0.568,4.188,1.007,2.696,0.6308,5.87,0.9481,5.658,0.8941,0.7316,0.279,1.182,0.3091,0.5321,0.07244,0.9815,0.5069,3.205,0.7116,5.72,0.717,0.8755,0.2429
3457,0.4025,0.05361,0.6823,0.07063,3.186,0.8302,2.807,0.7268,3.212,0.6992,3.087,0.7017,8.902,1.335,10.88,2.722,0.3673,0.196,0.4917,0.2531,0.54,0.08871,2.93,0.6897,3.073,0.5939,9.391,1.514,0.412,0.1854
2559,0.511,0.05641,0.4655,0.06366,2.562,0.6238,2.67,0.611,3.073,0.6517,2.385,0.4792,7.384,1.162,8.648,1.562,0.3951,0.2265,0.3091,0.158,0.4842,0.05286,2.552,0.5434,2.625,0.48,7.743,1.03,0.35,0.1734
2791,0.5822,0.07895,0.5608,0.1499,0.4858,0.2469,0.3509,0.1992,1.716,0.4322,1.468,0.3677,3.167,0.5521,2.737,0.6834,0.4545,0.1836,0.4925,0.1814,0.5666,0.1036,0.4119,0.2083,1.571,0.3495,3.046,0.539,0.4648,0.1541
1571,0.3757,0.06273,0.7712,0.07415,0.4694,0.2744,0.3486,0.2131,3.727,0.9952,2.755,0.6188,5.891,0.8622,3.79,0.7327,0.8053,0.3622,0.7187,0.2366,0.5788,0.1237,0.4029,0.2277,3.08,0.681,4.813,0.8536,0.7376,0.2709
5496,0.2961,0.09963,0.186,0.06474,0.695,0.3717,0.7262,0.5202,0.7722,0.2914,1.136,0.3973,2.861,0.5884,4.316,0.7624,1.091,0.1881,1.687,0.2736,0.2401,0.08047,0.6935,0.4089,0.971,0.3223,3.576,0.6401,1.269,0.1857
5322,0.05214,0.03425,0.2001,0.1053,0.5124,0.3323,0.3892,0.269,1.418,0.5435,1.443,0.4352,2.272,0.8226,2.523,0.8272,0.08677,0.04497,0.1192,0.07642,0.1117,0.07074,0.4443,0.283,1.429,0.4271,2.482,0.7247,0.106,0.05271
17,0.5017,0.06273,0.5879,0.07223,2.438,0.7483,2.108,0.5405,3.318,0.8853,1.999,0.4487,10.86,2.306,7.087,1.182,0.5941,0.2594,0.581,0.2296,0.5397,0.05817,2.225,0.5714,2.474,0.5962,8.602,1.678,0.5715,0.2095
45,0.865,0.05666,0.9212,0.03513,0.5544,0.2779,0.4736,0.2794,3.308,0.5592,3.278,0.5724,4.794,1.072,4.588,1.052,0.134,0.07533,0.1474,0.0901,0.8894,0.04577,0.5067,0.2603,3.223,0.4688,4.699,0.8408,0.145,0.07257
78,0.2549,0.05338,0.3372,0.05755,0.5138,0.2716,0.3968,0.2304,1.265,0.3787,1.673,0.3626,4.465,0.6804,6.075,0.9595,0.09398,0.04866,0.1573,0.1013,0.2956,0.04761,0.4486,0.2342,1.481,0.3319,5.177,0.6949,0.1255,0.0644
5247,0.4656,0.06652,0.3194,0.05556,1.612,0.5719,1.49,0.6127,1.532,0.4969,1.764,0.502,4.075,0.658,6.887,1.06,1.028,0.2481,0.9019,0.2446,0.3902,0.07004,1.519,0.5394,1.651,0.4427,5.263,0.8769,0.933,0.2285
5732,0.5275,0.05691,0.578,0.05799,2.803,0.8805,3.721,0.9257,5.476,1.408,3.347,0.815,6.67,1.037,7.608,1.338,0.6919,0.3824,0.6492,0.2802,0.5473,0.04771,3.117,0.8261,4.043,0.9582,6.955,0.903,0.645,0.2896
7314,0.1832,0.04697,0.5957,0.07376,1.071,0.5271,0.9146,0.4415,2.45,0.5091,2.693,0.5468,3.979,0.7325,4.167,0.6645,0.3337,0.1476,0.5368,0.2506,0.3699,0.1205,0.9752,0.4485,2.547,0.4543,4.118,0.5565,0.411,0.1597
285,0.4685,0.05899,0.454,0.05588,3.136,0.5661,3.119,0.7307,1.164,0.3623,1.608,0.4917,6.603,0.9991,6.442,0.9371,0.5328,0.1895,1.01,0.2953,0.4582,0.04813,3.053,0.5553,1.398,0.3933,6.429,0.7561,0.6985,0.1966
1416,0.6459,0.1116,0.5093,0.1163,0.401,0.1976,0.3116,0.1835,0.8062,0.2714,0.9135,0.2899,2.067,0.3879,3.551,0.669,0.4605,0.1513,1.625,0.2639,0.5737,0.1085,0.3518,0.1774,0.878,0.2529,2.805,0.5658,0.8254,0.2505
2402,0.559,0.06814,0.5735,0.07281,2.539,0.6117,1.673,0.4983,2.454,0.4861,2.666,0.4924,5.951,0.9186,7.92,1.539,0.2601,0.1474,0.2133,0.1228,0.5607,0.05828,2.056,0.5261,2.535,0.4163,6.703,0.9692,0.2395,0.121
4729,0.2175,0.09998,0.2312,0.07813,0.5015,0.3037,0.4263,0.2981,1.141,0.4172,1.366,0.3951,2.649,0.6444,2.459,0.5764,0.1186,0.063,0.1436,0.08485,0.225,0.079,0.4577,0.2838,1.266,0.3618,2.655,0.5273,0.1348,0.06411
4727,0.2232,0.05159,0.3707,0.06705,1.254,0.6238,0.9545,0.5101,1.974,0.5415,2.109,0.5723,4.912,0.8125,4.579,0.6525,0.3924,0.1409,1.273,0.3196,0.2933,0.05816,1.082,0.5299,2.026,0.4853,4.768,0.5927,0.6782,0.2229
138,0.534,0.07178,0.5965,0.07578,1.366,0.4469,1.245,0.421,2.367,0.5628,1.981,0.3975,9.053,1.656,5.997,0.9954,0.5027,0.2444,0.382,0.1756,0.5597,0.06198,1.284,0.3946,2.121,0.4055,7.299,1.315,0.4368,0.1903
26,0.5773,0.07107,0.4952,0.06474,1.069,0.3904,1.285,0.5774,2.272,0.4548,2.838,0.5506,6.639,1.15,5.615,0.8878,0.3465,0.1611,0.3808,0.19,0.5318,0.06291,1.141,0.4375,2.542,0.4589,6.057,0.8567,0.3586,0.1472
3268,0.05988,0.03342,0.08265,0.0365,0.7618,0.4771,0.7139,0.5247,1.949,0.7548,1.832,0.5751,3.315,1.022,5.328,1.317,0.2651,0.109,0.4543,0.1877,0.07279,0.03119,0.7237,0.47,1.862,0.5737,4.208,1.046,0.3419,0.1213
4582,0.4907,0.1021,0.6937,0.07671,0.5619,0.2419,0.6293,0.3544,1.244,0.3033,2.593,0.5351,3.613,0.5933,5.738,1.172,0.09369,0.04633,0.2657,0.1793,0.589,0.09216,0.5809,0.2725,1.897,0.4991,4.558,0.7995,0.1606,0.09333
461,0.6994,0.06365,0.6854,0.09018,0.589,0.2636,0.5186,0.2696,2.032,0.5635,1.265,0.2913,5.182,0.9338,3.235,0.5905,0.7761,0.273,0.5033,0.1689,0.685,0.0667,0.5463,0.2463,1.566,0.4017,4.211,0.8116,0.6249,0.2165
174,0.4924,0.07559,0.4353,0.06087,1.462,0.8058,1.186,0.6663,4.46,1.053,4.443,0.9906,6.714,1.042,6.757,1.002,1.015,0.363,0.8082,0.3377,0.4609,0.06066,1.296,0.6855,4.311,0.8672,6.619,0.7864,0.8767,0.3146
338,0.2317,0.03009,0.2292,0.03881,0.5811,0.3545,0.5118,0.3785,4.696,0.8815,3.567,0.8553,9.579,1.316,8.86,1.31,0.5069,0.21,1.441,0.3149,0.2336,0.02995,0.5375,0.3437,3.914,0.7492,8.909,1.072,0.807,0.2521
4661,0.08685,0.1281,0.1961,0.2386,0.8603,0.6802,0.7957,0.7263,1.394,1.021,1.404,0.7793,3.146,1.878,4.068,2.492,0.3458,0.1188,0.8267,0.2148,0.1364,0.1771,0.811,0.6579,1.386,0.8131,3.58,1.921,0.5191,0.1513
6117,0.07266,0.02697,0.06318,0.02241,0.7838,0.4948,0.6828,0.5096,4.165,0.806,3.941,0.8786,4.872,0.7607,6.077,1.469,0.2873,0.1552,0.2037,0.1077,0.07123,0.02363,0.7205,0.4704,3.921,0.7096,5.384,0.8773,0.2484,0.1202
5855,0.1515,0.0339,0.07069,0.02399,2.055,1.796,2.159,2.437,4.702,1.593,3.962,1.808,22.43,4.877,40.85,13.0,1.246,0.5028,4.515,2.675,0.1114,0.03919,2.027,1.915,4.108,1.481,26.92,6.827,2.092,0.9637
3527,0.07146,0.01967,0.08871,0.02894,2.014,1.45,1.987,1.608,3.923,0.8483,4.086,1.565,8.756,1.088,19.79,4.282,0.7775,0.2376,2.128,0.8209,0.08315,0.02124,1.941,1.423,3.882,1.102,12.4,2.732,1.184,0.3956
5893,0.4508,0.07457,0.4737,0.06955,2.198,0.6581,2.526,0.6678,4.102,0.9486,2.703,0.5268,12.22,2.605,14.57,3.331,0.4494,0.2975,0.2704,0.1457,0.4589,0.05971,2.29,0.5902,3.185,0.6417,12.51,2.262,0.3532,0.2045
4533,0.3293,0.05583,0.2646,0.05672,1.078,0.6217,0.8218,0.4776,3.639,0.8842,2.784,0.5655,10.07,1.565,5.147,0.8333,0.8675,0.3443,0.6843,0.2376,0.2977,0.05366,0.9309,0.5128,3.066,0.6055,7.246,1.56,0.7516,0.2655
293,0.01188,0.008549,0.01779,0.01203,0.7974,0.5985,0.7157,0.6419,1.565,0.8707,1.668,0.763,4.909,2.199,4.863,2.127,0.05754,0.03148,0.05343,0.03211,0.01568,0.009809,0.7415,0.582,1.606,0.7274,4.82,1.809,0.06075,0.03014
6631,0.1304,0.05041,0.1372,0.04825,1.546,0.7228,1.399,0.692,1.343,0.5763,1.191,0.399,3.484,0.8683,2.775,0.7042,0.4136,0.1544,0.2276,0.102,0.1366,0.04327,1.442,0.6543,1.257,0.4291,3.208,0.6906,0.3198,0.1287
3790,0.7437,0.0636,0.8614,0.06141,0.5628,0.2943,0.455,0.2777,2.76,0.5966,2.664,0.7046,3.719,0.6743,2.72,0.486,0.6104,0.2096,1.552,0.2894,0.8006,0.06526,0.5018,0.2671,2.657,0.5584,3.299,0.5624,0.9152,0.2406
187,0.9028,0.04325,0.7123,0.08581,0.4327,0.2437,0.3249,0.1988,3.91,0.9169,2.753,0.5392,3.859,0.8125,4.506,0.9658,0.3134,0.147,0.3714,0.193,0.8148,0.08204,0.3736,0.2073,3.147,0.6022,4.195,0.7084,0.3365,0.1402
626,0.2724,0.05965,0.3739,0.06655,0.8637,0.3765,0.8217,0.4139,1.724,0.4891,1.697,0.3961,5.152,0.7802,6.015,0.8829,0.5663,0.1916,0.5347,0.1978,0.3214,0.05514,0.8282,0.3654,1.702,0.3777,5.519,0.6464,0.541,0.1671
3991,0.6935,0.07617,0.69,0.0773,0.653,0.2834,0.5575,0.2836,2.206,0.3959,2.689,0.4479,8.921,2.211,6.482,1.247,0.241,0.1258,0.303,0.1693,0.6843,0.06562,0.5967,0.2627,2.438,0.3813,7.467,1.499,0.2682,0.1232
3330,0.4417,0.07894,0.4542,0.07742,0.6173,0.2963,0.5583,0.3476,1.323,0.3953,1.629,0.5386,7.237,1.086,10.38,2.06,0.648,0.1883,2.353,0.4296,0.4452,0.06436,0.5783,0.2981,1.485,0.4216,8.336,1.262,1.157,0.3406
302,0.508,0.09467,0.8078,0.07754,0.5679,0.2825,0.3715,0.1827,1.16,0.29,1.495,0.3057,2.391,0.4815,3.204,0.6387,0.142,0.07485,0.2058,0.121,0.6645,0.1124,0.4604,0.2147,1.346,0.267,2.857,0.5012,0.1738,0.08335
4947,0.03358,0.03857,0.05326,0.05602,1.049,0.8831,0.9334,0.8889,1.74,0.9924,1.706,0.7604,3.852,1.806,3.423,1.603,0.2925,0.1151,0.3959,0.1529,0.04368,0.044,0.9693,0.8295,1.698,0.7685,3.661,1.479,0.337,0.1095
210,0.5893,0.0818,0.7164,0.0714,0.9904,0.3478,1.029,0.4246,1.15,0.3651,1.354,0.3986,3.624,0.5848,4.953,0.9339,1.037,0.2322,1.229,0.2516,0.6478,0.07181,0.9884,0.3517,1.265,0.3405,4.259,0.641,1.073,0.2043
228,0.3957,0.05969,0.3452,0.06839,1.445,0.5834,1.157,0.5391,2.507,0.4872,2.56,0.5522,6.803,0.9963,6.003,0.9792,0.3409,0.1687,0.3573,0.1759,0.3697,0.05751,1.276,0.5195,2.5,0.443,6.319,0.81,0.3455,0.1465
4200,0.3461,0.05499,0.3036,0.06155,0.4282,0.2165,0.3692,0.2325,0.8867,0.2819,1.221,0.3653,6.075,0.8856,6.753,0.9719,0.4515,0.1438,0.8484,0.1991,0.3253,0.05185,0.3937,0.2092,1.072,0.2983,6.304,0.7084,0.5968,0.1453
240,0.2548,0.06637,0.3596,0.05834,0.6395,0.3481,0.5977,0.4171,1.194,0.4051,1.479,0.5195,3.572,0.6608,8.519,1.339,0.6075,0.1606,2.458,0.4161,0.3051,0.05563,0.6072,0.3565,1.347,0.4209,5.499,1.299,1.15,0.3499
6416,0.5886,0.05296,0.6947,0.06639,1.706,0.4572,1.69,0.4804,2.151,0.5543,1.985,0.4415,9.227,1.771,8.28,1.923,0.7181,0.2521,0.5745,0.2242,0.6359,0.05666,1.663,0.4158,2.037,0.4199,8.454,1.457,0.6324,0.2157
7612,0.08024,0.02015,0.08062,0.02592,0.645,0.4202,0.6088,0.5333,4.063,0.8994,3.686,1.565,9.854,1.365,32.94,9.419,0.9618,0.2379,4.786,2.491,0.08409,0.02092,0.6137,0.438,3.712,1.085,16.79,5.189,1.934,0.8213
1456,0.06644,0.06371,0.1095,0.07269,0.9646,0.7507,0.917,0.8725,1.213,0.5624,1.43,0.5182,2.341,1.002,2.39,0.8634,0.4336,0.1416,0.3725,0.1406,0.08652,0.06405,0.919,0.759,1.33,0.486,2.449,0.8258,0.4033,0.1232
33,0.089,0.04709,0.2623,0.04806,0.8962,0.5006,0.8478,0.5445,1.245,0.469,1.698,0.5232,4.071,1.062,6.284,1.046,0.3704,0.1233,0.9309,0.2435,0.1621,0.06012,0.8541,0.4864,1.48,0.4532,5.02,0.9658,0.567,0.1637
4004,0.02638,0.01521,0.06755,0.05368,0.9172,0.6651,0.7265,0.5265,2.476,2.755,1.757,0.9361,5.329,2.142,5.003,1.26,0.4396,0.1416,0.3722,0.1335,0.04515,0.03115,0.8056,0.5587,1.98,1.389,5.105,1.421,0.4065,0.121
592,0.02527,0.02277,0.03362,0.02245,0.7691,0.5585,0.6855,0.5861,1.67,0.8615,1.743,0.7113,3.969,1.545,5.275,1.602,0.2485,0.1193,0.1178,0.05994,0.03052,0.02164,0.7137,0.536,1.691,0.6965,4.542,1.335,0.1847,0.09113
7547,0.04081,0.0178,0.04248,0.01573,0.727,0.4856,0.634,0.4987,2.678,0.9763,2.791,0.7067,9.79,1.481,7.888,1.138,0.3978,0.1333,0.5311,0.1743,0.04424,0.01583,0.6677,0.4612,2.681,0.7124,8.556,1.182,0.4507,0.1233
6072,0.2132,0.05575,0.4749,0.06033,0.3451,0.1863,0.2824,0.1843,1.641,0.4564,2.14,0.522,3.71,0.7081,5.006,0.7953,0.3383,0.1278,0.6981,0.2531,0.3334,0.08084,0.3096,0.1726,1.894,0.4418,4.328,0.6494,0.4709,0.1556
266,0.363,0.1179,0.1,0.04506,0.9406,0.471,0.8641,0.5544,1.101,0.3448,1.397,0.4676,2.838,0.5095,5.211,1.043,0.1699,0.09606,0.1238,0.06907,0.2152,0.1095,0.8841,0.4737,1.263,0.3678,3.897,0.8125,0.1526,0.07676
1981,0.07931,0.04681,0.1086,0.03398,0.5513,0.325,0.463,0.3053,1.112,0.5126,1.461,0.4952,3.643,1.007,5.156,0.9857,0.0433,0.02196,0.05777,0.03782,0.09475,0.03828,0.4997,0.2948,1.296,0.4581,4.336,0.8735,0.05459,0.02792
218,0.2404,0.03828,0.2066,0.05399,1.783,0.7698,1.239,0.5154,1.821,0.5937,1.44,0.3971,7.516,1.039,5.231,0.7567,0.4855,0.1831,0.8325,0.225,0.2262,0.04242,1.473,0.594,1.593,0.4334,6.267,0.9416,0.6105,0.1682
5963,0.1624,0.05811,0.1903,0.07531,1.03,0.5886,0.8562,0.534,2.519,0.6028,1.999,0.5035,3.012,0.725,2.493,0.615,0.5414,0.1932,0.3702,0.1487,0.1779,0.05741,0.926,0.5268,2.192,0.477,2.847,0.5862,0.4521,0.1618
3632,0.09318,0.02608,0.1069,0.03267,0.6595,0.3657,0.6163,0.4673,0.8895,0.3607,1.339,0.6036,5.737,0.7909,15.73,2.813,0.8139,0.1506,5.705,2.377,0.1034,0.02534,0.6246,0.3816,1.125,0.4493,9.188,2.304,1.991,0.8701
1843,0.2725,0.05031,0.3937,0.05851,0.7644,0.4044,0.7028,0.4397,2.264,0.5692,2.861,0.5992,8.213,1.144,7.176,1.067,1.221,0.2874,0.5404,0.2056,0.3309,0.05044,0.7209,0.3947,2.544,0.525,7.512,0.9216,0.8329,0.3094
587,0.6581,0.07049,0.7304,0.07223,1.417,0.5482,1.555,0.7085,3.438,0.7318,2.675,0.6654,3.189,0.5088,4.901,0.8976,0.6438,0.2624,1.282,0.3424,0.6878,0.06328,1.446,0.5695,2.928,0.599,3.992,0.6532,0.8522,0.253
3054,0.8428,0.04909,0.8476,0.04652,3.088,0.8715,2.825,0.7834,2.95,0.8218,2.975,0.7483,4.913,0.957,6.861,1.887,0.4875,0.2192,0.3959,0.1863,0.8376,0.04293,2.891,0.7448,2.906,0.6816,5.708,1.124,0.4361,0.1795
75,0.7031,0.06063,0.7781,0.05765,2.254,0.4352,2.61,0.5,1.687,0.4079,1.425,0.3428,10.38,2.575,5.848,1.244,0.2762,0.1476,0.2001,0.1091,0.7339,0.05437,2.363,0.4099,1.535,0.3278,7.728,1.866,0.2411,0.1162
105,0.6442,0.09349,0.603,0.07924,0.5141,0.2308,0.3976,0.2077,1.299,0.3098,1.63,0.3427,3.76,0.6758,3.53,0.5722,0.2686,0.1317,0.2722,0.1433,0.6178,0.07514,0.4496,0.2034,1.479,0.2917,3.718,0.517,0.2715,0.1185
5332,0.2743,0.04759,0.2324,0.04927,1.409,0.5496,1.205,0.5914,1.878,0.509,2.595,0.6667,5.713,0.7534,5.206,0.7805,0.6031,0.2183,0.8415,0.2978,0.2555,0.04455,1.282,0.5272,2.23,0.5517,5.442,0.6267,0.6815,0.205
63,0.1699,0.03656,0.2305,0.0433,0.5859,0.3531,0.4953,0.3428,4.453,1.004,3.346,0.7639,7.146,1.046,8.318,1.165,0.8659,0.2874,0.9893,0.3585,0.2015,0.03398,0.5324,0.3268,3.696,0.7473,7.496,0.8576,0.8792,0.262
4173,0.6946,0.09429,0.7873,0.06682,1.468,0.3824,1.581,0.3934,1.652,0.4085,1.512,0.3414,2.903,0.5069,3.856,0.7281,0.3105,0.1491,0.3547,0.1701,0.7356,0.07446,1.49,0.3448,1.57,0.3204,3.415,0.5371,0.329,0.1346
504,0.4866,0.08968,0.2763,0.05356,0.443,0.2394,0.4101,0.3065,2.065,0.5107,2.295,0.8129,5.368,0.8555,11.48,1.802,0.6189,0.2012,2.891,0.6257,0.3779,0.08948,0.4198,0.2522,2.162,0.5978,7.637,1.562,1.254,0.445
5055,0.5629,0.07238,0.389,0.06406,0.819,0.3553,0.7466,0.402,2.2,0.4348,2.717,0.6728,4.438,0.729,4.29,0.7253,0.2967,0.1329,0.7679,0.3192,0.4726,0.07917,0.7693,0.3494,2.446,0.5095,4.403,0.5775,0.4619,0.1878
2430,0.4532,0.08543,0.4997,0.07512,0.4602,0.2296,0.4413,0.2799,1.596,0.4654,1.491,0.3974,3.974,0.6824,6.597,1.108,0.7572,0.2224,0.9437,0.2182,0.4726,0.06642,0.4436,0.2365,1.533,0.3733,5.095,0.8721,0.8099,0.1823
3535,0.1925,0.07188,0.07685,0.04209,0.6496,0.3852,0.5442,0.3813,1.355,0.5138,1.513,0.5268,4.584,0.9228,3.497,1.141,0.2267,0.1106,0.1837,0.09322,0.1311,0.06436,0.5872,0.3601,1.437,0.4651,4.07,0.9159,0.2103,0.09218
3386,0.01374,0.01198,0.02001,0.01797,1.243,0.9854,1.204,1.133,1.858,1.023,1.856,0.8197,3.623,1.576,3.265,1.458,0.2028,0.09979,0.1522,0.07893,0.01771,0.01383,1.192,0.9915,1.832,0.8152,3.478,1.302,0.183,0.08199
4459,0.5241,0.06621,0.5338,0.09378,2.159,0.544,2.201,0.6734,2.38,0.5007,2.675,0.6602,6.202,0.964,5.236,0.8214,0.3374,0.1649,0.6105,0.2745,0.5244,0.06755,2.129,0.5371,2.503,0.5131,5.683,0.7566,0.4382,0.1783
390,0.2127,0.04716,0.2351,0.06261,1.118,0.7419,0.9086,0.6195,5.454,1.101,4.119,0.9315,8.082,1.127,7.69,1.181,0.6004,0.303,0.9298,0.338,0.2261,0.04572,0.9917,0.6378,4.507,0.8654,7.689,0.9141,0.7051,0.2636
3785,0.2915,0.1925,0.3421,0.1938,0.6246,0.3948,0.6004,0.431,0.7298,0.3364,0.8784,0.3158,2.91,1.024,2.553,0.9229,0.3905,0.1398,0.5005,0.1685,0.3142,0.182,0.6017,0.3871,0.8216,0.2993,2.819,0.8725,0.4348,0.1267
709,0.3513,0.09217,0.4674,0.08946,0.4598,0.2472,0.3524,0.2065,1.628,0.3898,1.902,0.4019,2.266,0.4881,3.685,0.6542,0.1215,0.06449,0.2069,0.131,0.4056,0.08072,0.4007,0.2125,1.77,0.343,2.977,0.5823,0.161,0.08213
506,0.8953,0.0458,0.8759,0.05139,0.4416,0.2257,0.3585,0.2188,2.849,0.5237,3.618,0.7383,4.119,0.8447,3.467,0.6398,0.3865,0.1721,0.3916,0.183,0.88,0.04518,0.3943,0.2065,3.195,0.5869,3.855,0.6308,0.3846,0.1502
3252,0.8254,0.06839,0.612,0.2257,0.4002,0.2021,0.2997,0.1817,2.174,0.4222,1.475,0.3767,2.956,0.571,1.606,0.5556,0.2478,0.1182,0.4689,0.2276,0.7182,0.1585,0.3451,0.1784,1.75,0.3808,2.335,0.6274,0.3338,0.1403
4924,0.578,0.07485,0.562,0.1083,0.3859,0.1909,0.3334,0.2035,2.237,0.4572,2.192,0.4544,3.792,0.6073,3.882,0.658,0.3311,0.165,0.3695,0.1803,0.5648,0.07915,0.3552,0.1831,2.188,0.3851,3.898,0.5039,0.3457,0.146
4439,0.357,0.05491,0.2843,0.04727,1.33,0.5568,1.221,0.6524,1.574,0.4303,2.139,0.6381,5.019,0.7326,8.759,1.343,0.4623,0.1557,1.506,0.363,0.3211,0.05092,1.25,0.5585,1.859,0.4951,6.5,1.072,0.7935,0.2493
115,0.3787,0.05617,0.7815,0.05756,0.7838,0.402,0.6688,0.3592,4.335,1.05,2.682,0.5055,8.854,1.375,4.925,0.933,0.6881,0.3598,0.3684,0.1685,0.5859,0.1203,0.7148,0.3554,3.25,0.6815,6.643,1.364,0.5103,0.255
3206,0.6132,0.1043,0.5433,0.09472,0.6896,0.2803,0.6986,0.3318,1.126,0.3741,1.235,0.334,3.841,0.6605,2.534,0.4644,1.297,0.2611,0.5143,0.167,0.5736,0.08837,0.6815,0.2804,1.192,0.3101,3.254,0.5975,0.8506,0.3157
3193,0.8915,0.05401,0.835,0.07063,0.5544,0.2639,0.4389,0.2347,2.265,0.5229,2.183,0.4254,5.342,1.437,4.142,0.8773,0.7444,0.2409,0.3501,0.1428,0.8592,0.05956,0.4899,0.2322,2.193,0.3909,4.735,0.9703,0.5285,0.2109
452,0.5558,0.09772,0.4757,0.08201,1.265,0.4476,1.146,0.4779,2.599,0.5094,2.825,0.5207,3.648,0.6008,5.003,0.8076,0.276,0.1488,0.2297,0.1281,0.5121,0.08125,1.184,0.4224,2.678,0.4389,4.298,0.6135,0.2552,0.123
2040,0.5465,0.08882,0.5299,0.07381,0.6448,0.305,0.4622,0.2393,2.134,0.398,1.949,0.4494,5.652,0.9192,4.647,0.7533,0.2097,0.09719,0.6156,0.2467,0.5332,0.06866,0.5445,0.2531,2.012,0.3666,5.145,0.7221,0.354,0.1502
6,0.4105,0.06337,0.253,0.08387,0.5141,0.2844,0.4268,0.2773,1.215,0.4838,1.057,0.3313,5.482,0.9519,2.731,0.6738,1.544,0.2542,0.4722,0.1396,0.3283,0.08232,0.464,0.2632,1.13,0.3581,4.033,0.9867,0.9154,0.3731
6505,0.8732,0.04537,0.7753,0.06968,2.234,0.467,2.058,0.431,1.832,0.4776,1.46,0.3578,6.261,1.699,3.629,0.6218,0.2961,0.1291,0.6526,0.2328,0.8207,0.05967,2.108,0.3917,1.611,0.3666,4.856,1.143,0.4275,0.1526
1,0.4171,0.05661,0.5541,0.05969,1.835,0.52,2.065,0.6261,2.102,0.4842,2.229,0.4579,7.73,1.182,7.923,1.424,0.275,0.1507,0.2103,0.121,0.4814,0.05607,1.895,0.5105,2.15,0.4006,7.613,0.9893,0.2455,0.1223
478,0.8438,0.07496,0.8701,0.06184,0.4091,0.1811,0.3066,0.1604,1.17,0.2718,1.748,0.3932,2.33,0.4142,2.418,0.4627,0.2664,0.1203,0.4696,0.2001,0.8515,0.06292,0.3534,0.1581,1.474,0.3203,2.483,0.3771,0.3472,0.1318
198,0.4486,0.06142,0.5287,0.06624,1.552,0.5764,1.126,0.4264,1.235,0.4149,1.539,0.4442,6.953,1.064,5.97,0.9238,1.04,0.2369,1.182,0.2665,0.4848,0.05422,1.312,0.462,1.397,0.3856,6.372,0.8259,1.056,0.213
4934,0.2273,0.03513,0.5073,0.07118,1.792,0.6145,1.902,0.6535,1.941,0.5591,1.808,0.4754,6.161,0.8529,4.229,0.656,0.7861,0.243,0.754,0.2549,0.3575,0.08209,1.8,0.5725,1.852,0.445,5.165,0.7963,0.746,0.2138
206,0.3934,0.0523,0.4773,0.06895,0.7147,0.3853,0.5146,0.2745,2.576,0.6911,1.933,0.4476,6.742,0.9842,6.5,1.007,1.107,0.3193,0.7898,0.2395,0.4326,0.05171,0.6035,0.3079,2.171,0.4866,6.517,0.7765,0.9167,0.2771
5031,0.4334,0.07518,0.2655,0.04705,0.5686,0.2895,0.4683,0.2814,1.555,0.4092,2.024,0.509,2.581,0.5259,4.273,0.762,0.4905,0.1701,0.7584,0.2317,0.3474,0.07457,0.5106,0.2664,1.795,0.4183,3.392,0.6538,0.5882,0.1616
2761,0.4746,0.05439,0.3412,0.06071,2.399,0.702,1.988,0.7271,2.342,0.5827,2.585,0.682,6.073,0.8527,6.526,0.9472,0.6171,0.2479,1.251,0.3538,0.4053,0.06518,2.148,0.6466,2.437,0.5535,6.206,0.6876,0.8268,0.2518
410,0.04226,0.03651,0.1211,0.04244,0.681,0.4577,0.5833,0.4275,1.467,0.6098,1.916,0.536,3.657,1.464,4.583,0.9472,0.1411,0.07059,0.1793,0.1039,0.0749,0.04116,0.6217,0.4186,1.693,0.5103,4.092,1.049,0.1628,0.07478
3349,0.3567,0.06596,0.5113,0.07902,1.64,0.6952,1.298,0.5708,1.627,0.5208,1.688,0.5052,5.343,0.8542,7.48,1.347,1.258,0.2492,1.433,0.3043,0.43,0.06848,1.439,0.5833,1.652,0.4496,6.203,0.9106,1.269,0.2389
140,0.4145,0.07707,0.3207,0.1097,0.6209,0.2863,0.4807,0.2563,1.39,0.3736,1.156,0.3028,4.413,0.703,3.175,0.7027,0.3102,0.1528,0.2225,0.1112,0.3655,0.08737,0.5424,0.2518,1.261,0.3004,3.844,0.676,0.2694,0.1211
200,0.2889,0.05319,0.2129,0.03513,1.777,0.8064,1.708,0.8655,2.564,0.7313,2.786,0.6645,8.995,1.331,8.682,1.208,1.121,0.3454,0.7443,0.2619,0.2528,0.04741,1.701,0.7716,2.637,0.6041,8.554,1.013,0.898,0.3
44,0.7801,0.05393,0.6588,0.06237,2.047,0.5176,2.999,0.8103,2.272,0.6122,2.306,0.6502,12.42,3.555,13.48,3.619,0.8545,0.2451,0.9922,0.2663,0.7143,0.06343,2.393,0.6021,2.258,0.5494,12.14,2.769,0.8798,0.2094
5152,0.3582,0.05199,0.3906,0.06042,0.5923,0.3111,0.4792,0.2931,2.659,0.4383,4.037,0.6524,4.95,0.7231,6.993,1.06,0.1823,0.1026,0.2246,0.1506,0.3735,0.04564,0.5277,0.2825,3.316,0.619,5.806,0.7749,0.2033,0.1066
5525,0.458,0.05787,0.4819,0.08103,0.6856,0.3781,0.4767,0.27,2.487,0.6186,2.06,0.5258,5.499,0.8156,4.127,0.6246,0.6634,0.2364,1.311,0.3239,0.4666,0.05729,0.5699,0.3017,2.21,0.4904,4.823,0.6886,0.8781,0.2361
41,0.5593,0.07145,0.5604,0.08636,0.5898,0.3165,0.5362,0.3577,3.321,0.735,3.484,0.8227,3.851,0.6369,4.689,0.8075,0.7784,0.2929,0.9595,0.2987,0.5547,0.06625,0.5536,0.314,3.328,0.6699,4.277,0.5848,0.8217,0.2436
3547,0.7142,0.06142,0.7215,0.061,0.7562,0.2906,0.9771,0.4526,2.867,0.5355,2.395,0.4135,5.355,1.036,5.35,0.9592,0.2313,0.1232,0.2634,0.1499,0.7098,0.05217,0.8358,0.3367,2.557,0.3949,5.327,0.7795,0.2473,0.1162
2068,0.4576,0.06983,0.3083,0.116,0.4197,0.2183,0.3874,0.2649,2.264,0.4499,2.15,0.4706,3.682,0.6752,3.46,0.8094,0.3091,0.1474,0.3255,0.1589,0.379,0.09604,0.3974,0.2245,2.176,0.3892,3.64,0.6145,0.3159,0.1298
4868,0.4766,0.1076,0.3607,0.1018,0.5978,0.2955,0.4974,0.2969,1.454,0.3991,1.279,0.374,3.638,0.6596,4.349,0.8062,0.4052,0.1472,1.45,0.2855,0.4159,0.09841,0.54,0.2764,1.357,0.3399,4.019,0.6019,0.7351,0.2401
381,0.3922,0.05261,0.4026,0.05855,1.225,0.6276,1.091,0.599,3.193,0.9931,2.142,0.5519,5.457,0.8004,7.21,1.08,1.213,0.3747,1.561,0.3307,0.396,0.04499,1.136,0.5729,2.514,0.6581,6.166,0.7727,1.286,0.3009
5231,0.04627,0.0165,0.1853,0.04252,0.606,0.3716,0.4777,0.3167,1.268,0.4772,1.377,0.4187,11.83,1.514,9.012,1.322,1.163,0.1726,1.497,0.2406,0.1028,0.0423,0.5336,0.3244,1.327,0.3933,9.99,1.399,1.245,0.1722
758,0.4981,0.06048,0.6045,0.07111,1.749,0.4525,1.587,0.4448,1.526,0.4197,1.51,0.3832,6.522,0.9865,6.842,1.233,0.5643,0.216,0.5802,0.1984,0.5465,0.05903,1.637,0.3981,1.514,0.3464,6.558,0.8426,0.5594,0.1764
6380,0.5172,0.05749,0.5333,0.06642,2.221,0.504,2.5,0.6742,2.39,0.5037,2.4,0.5394,6.984,1.123,6.422,1.022,0.2709,0.1394,0.4541,0.231,0.5207,0.05098,2.292,0.5093,2.364,0.4423,6.595,0.8522,0.3427,0.1514
6125,0.6284,0.05837,0.5268,0.05325,1.841,0.4523,2.733,0.76,2.433,0.4723,2.847,0.6127,6.927,1.192,6.491,1.065,0.2744,0.144,0.3922,0.2175,0.5724,0.0575,2.165,0.5453,2.619,0.4816,6.595,0.8896,0.322,0.1492
3978,0.423,0.06779,0.6506,0.0749,0.8959,0.3743,0.7366,0.3383,2.114,0.4282,2.374,0.522,8.061,1.193,6.307,1.137,0.2619,0.1255,0.5137,0.2287,0.5332,0.08258,0.8037,0.3299,2.233,0.4161,7.031,1.04,0.3588,0.1462
5998,0.6906,0.1055,0.7069,0.07934,0.4865,0.2177,0.4101,0.215,1.317,0.3239,1.725,0.3841,2.016,0.4151,3.515,0.6482,0.4261,0.1752,0.4634,0.1932,0.6924,0.08085,0.4424,0.2,1.535,0.3205,2.759,0.5767,0.4365,0.154
2599,0.7503,0.05451,0.6185,0.0679,2.776,0.4501,2.859,0.5567,1.552,0.3756,2.011,0.4446,8.263,1.959,8.425,1.665,0.1728,0.09291,0.249,0.1472,0.6794,0.06659,2.753,0.4285,1.788,0.3697,8.068,1.399,0.2084,0.1008
304,0.1286,0.08084,0.04621,0.01952,0.4848,0.3078,0.4174,0.3154,0.8846,0.4313,1.077,0.4257,4.801,1.042,6.793,1.18,0.3178,0.1119,0.7163,0.1583,0.08472,0.05386,0.4444,0.2932,0.994,0.3898,5.633,0.9585,0.4663,0.1261
406,0.227,0.09187,0.2516,0.08819,0.4173,0.233,0.3241,0.2088,0.6635,0.2714,0.7969,0.2621,3.913,0.751,3.308,0.7024,0.2976,0.1124,0.5935,0.1689,0.2393,0.07863,0.3656,0.2063,0.749,0.2418,3.68,0.6263,0.4123,0.1209
4771,0.4198,0.08062,0.455,0.1213,0.5123,0.2646,0.3823,0.2192,1.285,0.4009,1.164,0.3109,3.547,0.658,2.677,0.5738,0.5657,0.1879,0.5952,0.1828,0.435,0.08659,0.4409,0.2256,1.222,0.3107,3.195,0.577,0.5685,0.156
3880,0.1355,0.04892,0.2242,0.06208,0.4929,0.2832,0.368,0.2317,0.6125,0.2709,0.6917,0.2561,2.781,0.666,4.526,0.8097,0.03851,0.02061,0.03318,0.01974,0.1783,0.05064,0.4239,0.2409,0.6695,0.2421,3.604,0.7203,0.04037,0.02002
595,0.4108,0.05783,0.6263,0.06362,1.605,0.519,1.625,0.5443,2.742,0.7052,2.478,0.5061,6.575,0.9989,6.941,1.211,0.6148,0.2827,0.3579,0.169,0.5145,0.07324,1.579,0.4772,2.55,0.5044,6.628,0.8334,0.4756,0.2178
389,0.4203,0.09708,0.5117,0.07448,1.374,0.6454,0.979,0.4433,2.051,0.6526,1.569,0.4408,5.926,0.8834,6.64,1.119,0.7971,0.2583,1.395,0.2799,0.4616,0.07442,1.15,0.5024,1.756,0.4754,6.174,0.7598,0.9883,0.2283
5139,0.09593,0.03195,0.09099,0.02551,0.7228,0.4502,0.6422,0.4731,2.674,0.6082,3.29,0.7053,4.406,0.7437,4.469,1.024,0.5869,0.1867,0.5403,0.1873,0.09726,0.02643,0.6705,0.4329,2.95,0.5923,4.457,0.6979,0.554,0.1599
578,0.4864,0.06199,0.4268,0.08269,1.453,0.5212,1.421,0.6188,3.151,0.6588,2.284,0.5516,6.043,0.9092,5.643,0.8243,0.4848,0.2095,1.076,0.2997,0.4536,0.06436,1.406,0.5177,2.592,0.5345,5.801,0.6926,0.685,0.2199
6696,0.5468,0.06844,0.3025,0.06774,1.3,0.6525,1.209,0.7046,3.044,0.8497,3.168,0.8241,7.25,1.391,6.017,0.8755,1.429,0.3982,1.201,0.3266,0.4201,0.09457,1.228,0.6283,3.041,0.7187,6.524,0.9538,1.252,0.3413
5323,0.548,0.07316,0.4888,0.07896,0.5857,0.2676,0.5226,0.3129,1.042,0.3098,1.711,0.6091,5.226,0.7881,4.758,0.77,0.4474,0.1529,1.682,0.3473,0.5141,0.06682,0.5455,0.2684,1.384,0.4412,5.001,0.6287,0.8282,0.2722
152,0.1649,0.03774,0.2347,0.04614,0.514,0.305,0.4152,0.2801,3.736,0.6305,3.586,0.6629,9.544,1.364,5.64,0.8532,0.4182,0.2062,0.349,0.1673,0.2006,0.03651,0.4575,0.274,3.564,0.5484,7.32,1.337,0.3803,0.1639
5534,0.5957,0.1111,0.4875,0.08758,0.6135,0.3293,0.4348,0.2427,1.339,0.4276,1.678,0.4367,2.405,0.4732,4.317,0.7412,1.574,0.2699,0.8361,0.2351,0.5375,0.09316,0.5152,0.2672,1.517,0.3857,3.302,0.6647,1.147,0.3484
